categoria,tabela,coluna,yaml_local,rotulo_local,descricao_local,codigos_locais_json,formato_local,referencias_locais_json,mencao_textual_em_pdf,validacao_semantica
Base Territorial,t000_tb_terrcid,CO_TERRCID,,,,,,,ftp://ftp.datasus.gov.br/territorio/doc/bases_territoriais.pdf,Não auditada individualmente; rótulo local/menção textual não comprovam correspondência semântica.
Base Territorial,t000_tb_terrcid,DS_NOME,,,,,,,ftp://ftp.datasus.gov.br/territorio/doc/bases_territoriais.pdf,Não auditada individualmente; rótulo local/menção textual não comprovam correspondência semântica.
Base Territorial,t000_tb_terrcid,DS_NOMEPAD,,,,,,,ftp://ftp.datasus.gov.br/territorio/doc/bases_territoriais.pdf,Não auditada individualmente; rótulo local/menção textual não comprovam correspondência semântica.
Base Territorial,t000_tb_terrcid,CO_STATUS,,,,,,,ftp://ftp.datasus.gov.br/territorio/doc/bases_territoriais.pdf,Não auditada individualmente; rótulo local/menção textual não comprovam correspondência semântica.
Base Territorial,t000_tb_terrcid,NU_ORDMAP,,,,,,,ftp://ftp.datasus.gov.br/territorio/doc/bases_territoriais.pdf,Não auditada individualmente; rótulo local/menção textual não comprovam correspondência semântica.
Base Territorial,t001_tb_regsaud,CO_REGSAUD,,,,,,,ftp://ftp.datasus.gov.br/territorio/doc/bases_territoriais.pdf,Não auditada individualmente; rótulo local/menção textual não comprovam correspondência semântica.
Base Territorial,t001_tb_regsaud,CO_STATUS,,,,,,,ftp://ftp.datasus.gov.br/territorio/doc/bases_territoriais.pdf,Não auditada individualmente; rótulo local/menção textual não comprovam correspondência semântica.
Base Territorial,t001_tb_regsaud,DS_NOME,,,,,,,ftp://ftp.datasus.gov.br/territorio/doc/bases_territoriais.pdf,Não auditada individualmente; rótulo local/menção textual não comprovam correspondência semântica.
Base Territorial,t001_tb_regsaud,DS_NOMEPAD,,,,,,,ftp://ftp.datasus.gov.br/territorio/doc/bases_territoriais.pdf,Não auditada individualmente; rótulo local/menção textual não comprovam correspondência semântica.
Base Territorial,t001_tb_regsaud,DS_ABREV,,,,,,,ftp://ftp.datasus.gov.br/territorio/doc/bases_territoriais.pdf,Não auditada individualmente; rótulo local/menção textual não comprovam correspondência semântica.
Base Territorial,t001_tb_regsaud,NU_ORDEM,,,,,,,ftp://ftp.datasus.gov.br/territorio/doc/bases_territoriais.pdf,Não auditada individualmente; rótulo local/menção textual não comprovam correspondência semântica.
Base Territorial,t002_tb_regmetr,CO_REGMETR,,,,,,,ftp://ftp.datasus.gov.br/territorio/doc/bases_territoriais.pdf,Não auditada individualmente; rótulo local/menção textual não comprovam correspondência semântica.
Base Territorial,t002_tb_regmetr,CO_STATUS,,,,,,,ftp://ftp.datasus.gov.br/territorio/doc/bases_territoriais.pdf,Não auditada individualmente; rótulo local/menção textual não comprovam correspondência semântica.
Base Territorial,t002_tb_regmetr,CO_TIPO,,,,,,,ftp://ftp.datasus.gov.br/territorio/doc/bases_territoriais.pdf,Não auditada individualmente; rótulo local/menção textual não comprovam correspondência semântica.
Base Territorial,t002_tb_regmetr,DS_NOME,,,,,,,ftp://ftp.datasus.gov.br/territorio/doc/bases_territoriais.pdf,Não auditada individualmente; rótulo local/menção textual não comprovam correspondência semântica.
Base Territorial,t002_tb_regmetr,DS_NOMEPAD,,,,,,,ftp://ftp.datasus.gov.br/territorio/doc/bases_territoriais.pdf,Não auditada individualmente; rótulo local/menção textual não comprovam correspondência semântica.
Base Territorial,t002_tb_regmetr,DS_ABREV,,,,,,,ftp://ftp.datasus.gov.br/territorio/doc/bases_territoriais.pdf,Não auditada individualmente; rótulo local/menção textual não comprovam correspondência semântica.
Base Territorial,t002_tb_regmetr,NU_ORDEM,,,,,,,ftp://ftp.datasus.gov.br/territorio/doc/bases_territoriais.pdf,Não auditada individualmente; rótulo local/menção textual não comprovam correspondência semântica.
Base Territorial,t003_tb_regiao,CO_REGIAO,,,,,,,ftp://ftp.datasus.gov.br/territorio/doc/bases_territoriais.pdf,Não auditada individualmente; rótulo local/menção textual não comprovam correspondência semântica.
Base Territorial,t003_tb_regiao,CO_STATUS,,,,,,,ftp://ftp.datasus.gov.br/territorio/doc/bases_territoriais.pdf,Não auditada individualmente; rótulo local/menção textual não comprovam correspondência semântica.
Base Territorial,t003_tb_regiao,DS_NOME,,,,,,,ftp://ftp.datasus.gov.br/territorio/doc/bases_territoriais.pdf,Não auditada individualmente; rótulo local/menção textual não comprovam correspondência semântica.
Base Territorial,t003_tb_regiao,DS_NOMEPAD,,,,,,,ftp://ftp.datasus.gov.br/territorio/doc/bases_territoriais.pdf,Não auditada individualmente; rótulo local/menção textual não comprovam correspondência semântica.
Base Territorial,t003_tb_regiao,DS_ABREV,,,,,,,ftp://ftp.datasus.gov.br/territorio/doc/bases_territoriais.pdf,Não auditada individualmente; rótulo local/menção textual não comprovam correspondência semântica.
Base Territorial,t003_tb_regiao,NU_ORDEM,,,,,,,ftp://ftp.datasus.gov.br/territorio/doc/bases_territoriais.pdf,Não auditada individualmente; rótulo local/menção textual não comprovam correspondência semântica.
Base Territorial,t004_tb_pndr,CO_PNDR,,,,,,,ftp://ftp.datasus.gov.br/territorio/doc/bases_territoriais.pdf,Não auditada individualmente; rótulo local/menção textual não comprovam correspondência semântica.
Base Territorial,t004_tb_pndr,DS_NOME,,,,,,,ftp://ftp.datasus.gov.br/territorio/doc/bases_territoriais.pdf,Não auditada individualmente; rótulo local/menção textual não comprovam correspondência semântica.
Base Territorial,t004_tb_pndr,DS_NOMEPAD,,,,,,,ftp://ftp.datasus.gov.br/territorio/doc/bases_territoriais.pdf,Não auditada individualmente; rótulo local/menção textual não comprovam correspondência semântica.
Base Territorial,t004_tb_pndr,CO_STATUS,,,,,,,ftp://ftp.datasus.gov.br/territorio/doc/bases_territoriais.pdf,Não auditada individualmente; rótulo local/menção textual não comprovam correspondência semântica.
Base Territorial,t004_tb_pndr,NU_ORDMAP,,,,,,,ftp://ftp.datasus.gov.br/territorio/doc/bases_territoriais.pdf,Não auditada individualmente; rótulo local/menção textual não comprovam correspondência semântica.
Base Territorial,t005_tb_municip,CO_MUNICIP,,,,,,,ftp://ftp.datasus.gov.br/territorio/doc/bases_territoriais.pdf,Não auditada individualmente; rótulo local/menção textual não comprovam correspondência semântica.
Base Territorial,t005_tb_municip,CO_MUNICDV,,,,,,,ftp://ftp.datasus.gov.br/territorio/doc/bases_territoriais.pdf,Não auditada individualmente; rótulo local/menção textual não comprovam correspondência semântica.
Base Territorial,t005_tb_municip,CO_STATUS,,,,,,,ftp://ftp.datasus.gov.br/territorio/doc/bases_territoriais.pdf,Não auditada individualmente; rótulo local/menção textual não comprovam correspondência semântica.
Base Territorial,t005_tb_municip,CO_TIPO,,,,,,,ftp://ftp.datasus.gov.br/territorio/doc/bases_territoriais.pdf,Não auditada individualmente; rótulo local/menção textual não comprovam correspondência semântica.
Base Territorial,t005_tb_municip,DS_NOME,,,,,,,ftp://ftp.datasus.gov.br/territorio/doc/bases_territoriais.pdf,Não auditada individualmente; rótulo local/menção textual não comprovam correspondência semântica.
Base Territorial,t005_tb_municip,DS_NOMEPAD,,,,,,,ftp://ftp.datasus.gov.br/territorio/doc/bases_territoriais.pdf,Não auditada individualmente; rótulo local/menção textual não comprovam correspondência semântica.
Base Territorial,t005_tb_municip,DS_OBSERV,,,,,,,ftp://ftp.datasus.gov.br/territorio/doc/bases_territoriais.pdf,Não auditada individualmente; rótulo local/menção textual não comprovam correspondência semântica.
Base Territorial,t005_tb_municip,CO_REGIAO,,,,,,,ftp://ftp.datasus.gov.br/territorio/doc/bases_territoriais.pdf,Não auditada individualmente; rótulo local/menção textual não comprovam correspondência semântica.
Base Territorial,t005_tb_municip,CO_UF,,,,,,,ftp://ftp.datasus.gov.br/territorio/doc/bases_territoriais.pdf,Não auditada individualmente; rótulo local/menção textual não comprovam correspondência semântica.
Base Territorial,t005_tb_municip,CO_ALTER,,,,,,,ftp://ftp.datasus.gov.br/territorio/doc/bases_territoriais.pdf,Não auditada individualmente; rótulo local/menção textual não comprovam correspondência semântica.
Base Territorial,t005_tb_municip,CO_ALTERDV,,,,,,,ftp://ftp.datasus.gov.br/territorio/doc/bases_territoriais.pdf,Não auditada individualmente; rótulo local/menção textual não comprovam correspondência semântica.
Base Territorial,t005_tb_municip,IN_CAPITAL,,,,,,,ftp://ftp.datasus.gov.br/territorio/doc/bases_territoriais.pdf,Não auditada individualmente; rótulo local/menção textual não comprovam correspondência semântica.
Base Territorial,t005_tb_municip,IN_AMAZLEG,,,,,,,ftp://ftp.datasus.gov.br/territorio/doc/bases_territoriais.pdf,Não auditada individualmente; rótulo local/menção textual não comprovam correspondência semântica.
Base Territorial,t005_tb_municip,IN_SEMIAR,,,,,,,ftp://ftp.datasus.gov.br/territorio/doc/bases_territoriais.pdf,Não auditada individualmente; rótulo local/menção textual não comprovam correspondência semântica.
Base Territorial,t005_tb_municip,IN_FRONTZN,,,,,,,ftp://ftp.datasus.gov.br/territorio/doc/bases_territoriais.pdf,Não auditada individualmente; rótulo local/menção textual não comprovam correspondência semântica.
Base Territorial,t005_tb_municip,DT_INSTAL,,,,,,,ftp://ftp.datasus.gov.br/territorio/doc/bases_territoriais.pdf,Não auditada individualmente; rótulo local/menção textual não comprovam correspondência semântica.
Base Territorial,t005_tb_municip,DT_EXTIN,,,,,,,ftp://ftp.datasus.gov.br/territorio/doc/bases_territoriais.pdf,Não auditada individualmente; rótulo local/menção textual não comprovam correspondência semântica.
Base Territorial,t005_tb_municip,CO_SUCESS,,,,,,,ftp://ftp.datasus.gov.br/territorio/doc/bases_territoriais.pdf,Não auditada individualmente; rótulo local/menção textual não comprovam correspondência semântica.
Base Territorial,t005_tb_municip,NU_ORDEM,,,,,,,ftp://ftp.datasus.gov.br/territorio/doc/bases_territoriais.pdf,Não auditada individualmente; rótulo local/menção textual não comprovam correspondência semântica.
Base Territorial,t005_tb_municip,NU_ORDMAP,,,,,,,ftp://ftp.datasus.gov.br/territorio/doc/bases_territoriais.pdf,Não auditada individualmente; rótulo local/menção textual não comprovam correspondência semântica.
Base Territorial,t005_tb_municip,NU_LATITUD,,,,,,,ftp://ftp.datasus.gov.br/territorio/doc/bases_territoriais.pdf,Não auditada individualmente; rótulo local/menção textual não comprovam correspondência semântica.
Base Territorial,t005_tb_municip,NU_LONGIT,,,,,,,ftp://ftp.datasus.gov.br/territorio/doc/bases_territoriais.pdf,Não auditada individualmente; rótulo local/menção textual não comprovam correspondência semântica.
Base Territorial,t005_tb_municip,NU_ALTITUD,,,,,,,ftp://ftp.datasus.gov.br/territorio/doc/bases_territoriais.pdf,Não auditada individualmente; rótulo local/menção textual não comprovam correspondência semântica.
Base Territorial,t005_tb_municip,NU_AREA,,,,,,,ftp://ftp.datasus.gov.br/territorio/doc/bases_territoriais.pdf,Não auditada individualmente; rótulo local/menção textual não comprovam correspondência semântica.
Base Territorial,t006_tb_mis,CO_MIS,,,,,,,,Não auditada individualmente; rótulo local/menção textual não comprovam correspondência semântica.
Base Territorial,t006_tb_mis,NOME_MIS,,,,,,,,Não auditada individualmente; rótulo local/menção textual não comprovam correspondência semântica.
Base Territorial,t006_tb_mis,CO_MUNIC_I,,,,,,,,Não auditada individualmente; rótulo local/menção textual não comprovam correspondência semântica.
Base Territorial,t006_tb_mis,NU_ORDEM,,,,,,,ftp://ftp.datasus.gov.br/territorio/doc/bases_territoriais.pdf,Não auditada individualmente; rótulo local/menção textual não comprovam correspondência semântica.
Base Territorial,t007_tb_micibge,CO_MICIBGE,,,,,,,ftp://ftp.datasus.gov.br/territorio/doc/bases_territoriais.pdf,Não auditada individualmente; rótulo local/menção textual não comprovam correspondência semântica.
Base Territorial,t007_tb_micibge,CO_STATUS,,,,,,,ftp://ftp.datasus.gov.br/territorio/doc/bases_territoriais.pdf,Não auditada individualmente; rótulo local/menção textual não comprovam correspondência semântica.
Base Territorial,t007_tb_micibge,DS_NOME,,,,,,,ftp://ftp.datasus.gov.br/territorio/doc/bases_territoriais.pdf,Não auditada individualmente; rótulo local/menção textual não comprovam correspondência semântica.
Base Territorial,t007_tb_micibge,DS_NOMEPAD,,,,,,,ftp://ftp.datasus.gov.br/territorio/doc/bases_territoriais.pdf,Não auditada individualmente; rótulo local/menção textual não comprovam correspondência semântica.
Base Territorial,t007_tb_micibge,DS_ABREV,,,,,,,ftp://ftp.datasus.gov.br/territorio/doc/bases_territoriais.pdf,Não auditada individualmente; rótulo local/menção textual não comprovam correspondência semântica.
Base Territorial,t007_tb_micibge,NU_ORDEM,,,,,,,ftp://ftp.datasus.gov.br/territorio/doc/bases_territoriais.pdf,Não auditada individualmente; rótulo local/menção textual não comprovam correspondência semântica.
Base Territorial,t008_tb_macsaud,CO_MACSAUD,,,,,,,ftp://ftp.datasus.gov.br/territorio/doc/bases_territoriais.pdf,Não auditada individualmente; rótulo local/menção textual não comprovam correspondência semântica.
Base Territorial,t008_tb_macsaud,CO_STATUS,,,,,,,ftp://ftp.datasus.gov.br/territorio/doc/bases_territoriais.pdf,Não auditada individualmente; rótulo local/menção textual não comprovam correspondência semântica.
Base Territorial,t008_tb_macsaud,DS_NOME,,,,,,,ftp://ftp.datasus.gov.br/territorio/doc/bases_territoriais.pdf,Não auditada individualmente; rótulo local/menção textual não comprovam correspondência semântica.
Base Territorial,t008_tb_macsaud,DS_NOMEPAD,,,,,,,ftp://ftp.datasus.gov.br/territorio/doc/bases_territoriais.pdf,Não auditada individualmente; rótulo local/menção textual não comprovam correspondência semântica.
Base Territorial,t008_tb_macsaud,DS_ABREV,,,,,,,ftp://ftp.datasus.gov.br/territorio/doc/bases_territoriais.pdf,Não auditada individualmente; rótulo local/menção textual não comprovam correspondência semântica.
Base Territorial,t008_tb_macsaud,NU_ORDEM,,,,,,,ftp://ftp.datasus.gov.br/territorio/doc/bases_territoriais.pdf,Não auditada individualmente; rótulo local/menção textual não comprovam correspondência semântica.
Base Territorial,t009_tb_dsei,CO_DSEI,,,,,,,ftp://ftp.datasus.gov.br/territorio/doc/bases_territoriais.pdf,Não auditada individualmente; rótulo local/menção textual não comprovam correspondência semântica.
Base Territorial,t009_tb_dsei,DS_NOME,,,,,,,ftp://ftp.datasus.gov.br/territorio/doc/bases_territoriais.pdf,Não auditada individualmente; rótulo local/menção textual não comprovam correspondência semântica.
Base Territorial,t009_tb_dsei,DS_NOMEPAD,,,,,,,ftp://ftp.datasus.gov.br/territorio/doc/bases_territoriais.pdf,Não auditada individualmente; rótulo local/menção textual não comprovam correspondência semântica.
Base Territorial,t009_tb_dsei,CO_SEDE,,,,,,,ftp://ftp.datasus.gov.br/territorio/doc/bases_territoriais.pdf,Não auditada individualmente; rótulo local/menção textual não comprovam correspondência semântica.
Base Territorial,t010_tb_divadmant,CO_DIVADM,,,,,,,ftp://ftp.datasus.gov.br/territorio/doc/bases_territoriais.pdf,Não auditada individualmente; rótulo local/menção textual não comprovam correspondência semântica.
Base Territorial,t010_tb_divadmant,CO_STATUS,,,,,,,ftp://ftp.datasus.gov.br/territorio/doc/bases_territoriais.pdf,Não auditada individualmente; rótulo local/menção textual não comprovam correspondência semântica.
Base Territorial,t010_tb_divadmant,DS_NOME,,,,,,,ftp://ftp.datasus.gov.br/territorio/doc/bases_territoriais.pdf,Não auditada individualmente; rótulo local/menção textual não comprovam correspondência semântica.
Base Territorial,t010_tb_divadmant,DS_NOMEPAD,,,,,,,ftp://ftp.datasus.gov.br/territorio/doc/bases_territoriais.pdf,Não auditada individualmente; rótulo local/menção textual não comprovam correspondência semântica.
Base Territorial,t010_tb_divadmant,DS_ABREV,,,,,,,ftp://ftp.datasus.gov.br/territorio/doc/bases_territoriais.pdf,Não auditada individualmente; rótulo local/menção textual não comprovam correspondência semântica.
Base Territorial,t010_tb_divadmant,NU_ORDEM,,,,,,,ftp://ftp.datasus.gov.br/territorio/doc/bases_territoriais.pdf,Não auditada individualmente; rótulo local/menção textual não comprovam correspondência semântica.
Base Territorial,t011_tb_divadm,CO_DIVADM,,,,,,,ftp://ftp.datasus.gov.br/territorio/doc/bases_territoriais.pdf,Não auditada individualmente; rótulo local/menção textual não comprovam correspondência semântica.
Base Territorial,t011_tb_divadm,CO_STATUS,,,,,,,ftp://ftp.datasus.gov.br/territorio/doc/bases_territoriais.pdf,Não auditada individualmente; rótulo local/menção textual não comprovam correspondência semântica.
Base Territorial,t011_tb_divadm,DS_NOME,,,,,,,ftp://ftp.datasus.gov.br/territorio/doc/bases_territoriais.pdf,Não auditada individualmente; rótulo local/menção textual não comprovam correspondência semântica.
Base Territorial,t011_tb_divadm,DS_NOMEPAD,,,,,,,ftp://ftp.datasus.gov.br/territorio/doc/bases_territoriais.pdf,Não auditada individualmente; rótulo local/menção textual não comprovam correspondência semântica.
Base Territorial,t011_tb_divadm,DS_ABREV,,,,,,,ftp://ftp.datasus.gov.br/territorio/doc/bases_territoriais.pdf,Não auditada individualmente; rótulo local/menção textual não comprovam correspondência semântica.
Base Territorial,t011_tb_divadm,NU_ORDEM,,,,,,,ftp://ftp.datasus.gov.br/territorio/doc/bases_territoriais.pdf,Não auditada individualmente; rótulo local/menção textual não comprovam correspondência semântica.
Base Territorial,t012_rl_regsaud_macsaud,CO_REGSAUD,,,,,,,ftp://ftp.datasus.gov.br/territorio/doc/bases_territoriais.pdf,Não auditada individualmente; rótulo local/menção textual não comprovam correspondência semântica.
Base Territorial,t012_rl_regsaud_macsaud,CO_MACRORR,,,,,,,,Não auditada individualmente; rótulo local/menção textual não comprovam correspondência semântica.
Base Territorial,t013_rl_municip_terrcid,CO_MUNICIP,,,,,,,ftp://ftp.datasus.gov.br/territorio/doc/bases_territoriais.pdf,Não auditada individualmente; rótulo local/menção textual não comprovam correspondência semântica.
Base Territorial,t013_rl_municip_terrcid,CO_TERRCID,,,,,,,ftp://ftp.datasus.gov.br/territorio/doc/bases_territoriais.pdf,Não auditada individualmente; rótulo local/menção textual não comprovam correspondência semântica.
Base Territorial,t014_rl_municip_regsaud,CO_MUNICIP,,,,,,,ftp://ftp.datasus.gov.br/territorio/doc/bases_territoriais.pdf,Não auditada individualmente; rótulo local/menção textual não comprovam correspondência semântica.
Base Territorial,t014_rl_municip_regsaud,CO_REGSAUD,,,,,,,ftp://ftp.datasus.gov.br/territorio/doc/bases_territoriais.pdf,Não auditada individualmente; rótulo local/menção textual não comprovam correspondência semântica.
Base Territorial,t015_rl_municip_regmetr,CO_MUNICIP,,,,,,,ftp://ftp.datasus.gov.br/territorio/doc/bases_territoriais.pdf,Não auditada individualmente; rótulo local/menção textual não comprovam correspondência semântica.
Base Territorial,t015_rl_municip_regmetr,CO_REGMET,,,,,,,,Não auditada individualmente; rótulo local/menção textual não comprovam correspondência semântica.
Base Territorial,t016_rl_municip_pndr,CO_MUNICIP,,,,,,,ftp://ftp.datasus.gov.br/territorio/doc/bases_territoriais.pdf,Não auditada individualmente; rótulo local/menção textual não comprovam correspondência semântica.
Base Territorial,t016_rl_municip_pndr,CO_PNDR,,,,,,,ftp://ftp.datasus.gov.br/territorio/doc/bases_territoriais.pdf,Não auditada individualmente; rótulo local/menção textual não comprovam correspondência semântica.
Base Territorial,t017_rl_municip_micibge,CO_MUNICIP,,,,,,,ftp://ftp.datasus.gov.br/territorio/doc/bases_territoriais.pdf,Não auditada individualmente; rótulo local/menção textual não comprovam correspondência semântica.
Base Territorial,t017_rl_municip_micibge,CO_MICIBGE,,,,,,,ftp://ftp.datasus.gov.br/territorio/doc/bases_territoriais.pdf,Não auditada individualmente; rótulo local/menção textual não comprovam correspondência semântica.
Base Territorial,t018_rl_municip_macsaud,CO_MUNICIP,,,,,,,ftp://ftp.datasus.gov.br/territorio/doc/bases_territoriais.pdf,Não auditada individualmente; rótulo local/menção textual não comprovam correspondência semântica.
Base Territorial,t018_rl_municip_macsaud,CO_MACSAUD,,,,,,,ftp://ftp.datasus.gov.br/territorio/doc/bases_territoriais.pdf,Não auditada individualmente; rótulo local/menção textual não comprovam correspondência semântica.
Base Territorial,t019_rl_municip_dsei,CO_MUNICIP,,,,,,,ftp://ftp.datasus.gov.br/territorio/doc/bases_territoriais.pdf,Não auditada individualmente; rótulo local/menção textual não comprovam correspondência semântica.
Base Territorial,t019_rl_municip_dsei,CO_DSEI,,,,,,,ftp://ftp.datasus.gov.br/territorio/doc/bases_territoriais.pdf,Não auditada individualmente; rótulo local/menção textual não comprovam correspondência semântica.
Base Territorial,t020_rl_municip_divadm,CO_MUNICIP,,,,,,,ftp://ftp.datasus.gov.br/territorio/doc/bases_territoriais.pdf,Não auditada individualmente; rótulo local/menção textual não comprovam correspondência semântica.
Base Territorial,t020_rl_municip_divadm,CO_DIVADM,,,,,,,ftp://ftp.datasus.gov.br/territorio/doc/bases_territoriais.pdf,Não auditada individualmente; rótulo local/menção textual não comprovam correspondência semântica.
Base Territorial,t021_tb_uf,CO_UF,,,,,,,ftp://ftp.datasus.gov.br/territorio/doc/bases_territoriais.pdf,Não auditada individualmente; rótulo local/menção textual não comprovam correspondência semântica.
Base Territorial,t021_tb_uf,DS_SIGLA,,,,,,,ftp://ftp.datasus.gov.br/territorio/doc/bases_territoriais.pdf,Não auditada individualmente; rótulo local/menção textual não comprovam correspondência semântica.
Base Territorial,t021_tb_uf,CO_STATUS,,,,,,,ftp://ftp.datasus.gov.br/territorio/doc/bases_territoriais.pdf,Não auditada individualmente; rótulo local/menção textual não comprovam correspondência semântica.
Base Territorial,t021_tb_uf,DS_NOME,,,,,,,ftp://ftp.datasus.gov.br/territorio/doc/bases_territoriais.pdf,Não auditada individualmente; rótulo local/menção textual não comprovam correspondência semântica.
Base Territorial,t021_tb_uf,DS_NOMEPAD,,,,,,,ftp://ftp.datasus.gov.br/territorio/doc/bases_territoriais.pdf,Não auditada individualmente; rótulo local/menção textual não comprovam correspondência semântica.
Base Territorial,t021_tb_uf,CO_SUCESS,,,,,,,ftp://ftp.datasus.gov.br/territorio/doc/bases_territoriais.pdf,Não auditada individualmente; rótulo local/menção textual não comprovam correspondência semântica.
Base Territorial,t021_tb_uf,CO_REGIAO,,,,,,,ftp://ftp.datasus.gov.br/territorio/doc/bases_territoriais.pdf,Não auditada individualmente; rótulo local/menção textual não comprovam correspondência semântica.
Base Territorial,t021_tb_uf,NU_AREA,,,,,,,ftp://ftp.datasus.gov.br/territorio/doc/bases_territoriais.pdf,Não auditada individualmente; rótulo local/menção textual não comprovam correspondência semântica.
CIH,t000_CRCE1103,ANO_CMPT,,,,,,,,Não auditada individualmente; rótulo local/menção textual não comprovam correspondência semântica.
CIH,t000_CRCE1103,MES_CMPT,,,,,,,,Não auditada individualmente; rótulo local/menção textual não comprovam correspondência semântica.
CIH,t000_CRCE1103,ESPEC,,,,,,,,Não auditada individualmente; rótulo local/menção textual não comprovam correspondência semântica.
CIH,t000_CRCE1103,CGC_HOSP,,,,,,,,Não auditada individualmente; rótulo local/menção textual não comprovam correspondência semântica.
CIH,t000_CRCE1103,MUNIC_RES,,,,,,,,Não auditada individualmente; rótulo local/menção textual não comprovam correspondência semântica.
CIH,t000_CRCE1103,NASC,,,,,,,,Não auditada individualmente; rótulo local/menção textual não comprovam correspondência semântica.
CIH,t000_CRCE1103,SEXO,,,,,,,,Não auditada individualmente; rótulo local/menção textual não comprovam correspondência semântica.
CIH,t000_CRCE1103,UTI_MES_TO,,,,,,,,Não auditada individualmente; rótulo local/menção textual não comprovam correspondência semântica.
CIH,t000_CRCE1103,UTI_INT_TO,,,,,,,,Não auditada individualmente; rótulo local/menção textual não comprovam correspondência semântica.
CIH,t000_CRCE1103,PROC_REA,,,,,,,,Não auditada individualmente; rótulo local/menção textual não comprovam correspondência semântica.
CIH,t000_CRCE1103,DT_INTER,,,,,,,,Não auditada individualmente; rótulo local/menção textual não comprovam correspondência semântica.
CIH,t000_CRCE1103,DT_SAIDA,,,,,,,,Não auditada individualmente; rótulo local/menção textual não comprovam correspondência semântica.
CIH,t000_CRCE1103,DIAG_PRINC,,,,,,,,Não auditada individualmente; rótulo local/menção textual não comprovam correspondência semântica.
CIH,t000_CRCE1103,DIAG_SECUN,,,,,,,,Não auditada individualmente; rótulo local/menção textual não comprovam correspondência semântica.
CIH,t000_CRCE1103,COBRANCA,,,,,,,,Não auditada individualmente; rótulo local/menção textual não comprovam correspondência semântica.
CIH,t000_CRCE1103,NATUREZA,,,,,,,,Não auditada individualmente; rótulo local/menção textual não comprovam correspondência semântica.
CIH,t000_CRCE1103,GESTAO,,,,,,,,Não auditada individualmente; rótulo local/menção textual não comprovam correspondência semântica.
CIH,t000_CRCE1103,MUNIC_MOV,,,,,,,,Não auditada individualmente; rótulo local/menção textual não comprovam correspondência semântica.
CIH,t000_CRCE1103,COD_IDADE,,,,,,,,Não auditada individualmente; rótulo local/menção textual não comprovam correspondência semântica.
CIH,t000_CRCE1103,IDADE,,,,,,,,Não auditada individualmente; rótulo local/menção textual não comprovam correspondência semântica.
CIH,t000_CRCE1103,DIAS_PERM,,,,,,,,Não auditada individualmente; rótulo local/menção textual não comprovam correspondência semântica.
CIH,t000_CRCE1103,MORTE,,,,,,,,Não auditada individualmente; rótulo local/menção textual não comprovam correspondência semântica.
CIH,t000_CRCE1103,NACIONAL,,,,,,,,Não auditada individualmente; rótulo local/menção textual não comprovam correspondência semântica.
CIH,t000_CRCE1103,CAR_INT,,,,,,,,Não auditada individualmente; rótulo local/menção textual não comprovam correspondência semântica.
CIH,t000_CRCE1103,HOMONIMO,,,,,,,,Não auditada individualmente; rótulo local/menção textual não comprovam correspondência semântica.
CIH,t000_CRCE1103,CNES,,,,,,,,Não auditada individualmente; rótulo local/menção textual não comprovam correspondência semântica.
CIH,t000_CRCE1103,FONTE,,,,,,,,Não auditada individualmente; rótulo local/menção textual não comprovam correspondência semântica.
CIHA,t000_CIHADF2211,ANO_CMPT,,,,,,,ftp://ftp.datasus.gov.br/dissemin/publicos/CIHA/201101_/Doc/Layout_Arquivos_CIHA.pdf,Não auditada individualmente; rótulo local/menção textual não comprovam correspondência semântica.
CIHA,t000_CIHADF2211,MES_CMPT,,,,,,,ftp://ftp.datasus.gov.br/dissemin/publicos/CIHA/201101_/Doc/Layout_Arquivos_CIHA.pdf,Não auditada individualmente; rótulo local/menção textual não comprovam correspondência semântica.
CIHA,t000_CIHADF2211,ESPEC,,,,,,,ftp://ftp.datasus.gov.br/dissemin/publicos/CIHA/201101_/Doc/Layout_Arquivos_CIHA.pdf,Não auditada individualmente; rótulo local/menção textual não comprovam correspondência semântica.
CIHA,t000_CIHADF2211,CGC_HOSP,,,,,,,ftp://ftp.datasus.gov.br/dissemin/publicos/CIHA/201101_/Doc/Layout_Arquivos_CIHA.pdf,Não auditada individualmente; rótulo local/menção textual não comprovam correspondência semântica.
CIHA,t000_CIHADF2211,MUNIC_RES,,,,,,,ftp://ftp.datasus.gov.br/dissemin/publicos/CIHA/201101_/Doc/Layout_Arquivos_CIHA.pdf,Não auditada individualmente; rótulo local/menção textual não comprovam correspondência semântica.
CIHA,t000_CIHADF2211,NASC,,,,,,,ftp://ftp.datasus.gov.br/dissemin/publicos/CIHA/201101_/Doc/Layout_Arquivos_CIHA.pdf,Não auditada individualmente; rótulo local/menção textual não comprovam correspondência semântica.
CIHA,t000_CIHADF2211,SEXO,,,,,,,ftp://ftp.datasus.gov.br/dissemin/publicos/CIHA/201101_/Doc/Layout_Arquivos_CIHA.pdf,Não auditada individualmente; rótulo local/menção textual não comprovam correspondência semântica.
CIHA,t000_CIHADF2211,UTI_MES_TO,,,,,,,ftp://ftp.datasus.gov.br/dissemin/publicos/CIHA/201101_/Doc/Layout_Arquivos_CIHA.pdf,Não auditada individualmente; rótulo local/menção textual não comprovam correspondência semântica.
CIHA,t000_CIHADF2211,UTI_INT_TO,,,,,,,ftp://ftp.datasus.gov.br/dissemin/publicos/CIHA/201101_/Doc/Layout_Arquivos_CIHA.pdf,Não auditada individualmente; rótulo local/menção textual não comprovam correspondência semântica.
CIHA,t000_CIHADF2211,PROC_REA,,,,,,,ftp://ftp.datasus.gov.br/dissemin/publicos/CIHA/201101_/Doc/Layout_Arquivos_CIHA.pdf,Não auditada individualmente; rótulo local/menção textual não comprovam correspondência semântica.
CIHA,t000_CIHADF2211,QT_PROC,,,,,,,ftp://ftp.datasus.gov.br/dissemin/publicos/CIHA/201101_/Doc/Layout_Arquivos_CIHA.pdf,Não auditada individualmente; rótulo local/menção textual não comprovam correspondência semântica.
CIHA,t000_CIHADF2211,DT_ATEND,,,,,,,ftp://ftp.datasus.gov.br/dissemin/publicos/CIHA/201101_/Doc/Layout_Arquivos_CIHA.pdf,Não auditada individualmente; rótulo local/menção textual não comprovam correspondência semântica.
CIHA,t000_CIHADF2211,DT_SAIDA,,,,,,,ftp://ftp.datasus.gov.br/dissemin/publicos/CIHA/201101_/Doc/Layout_Arquivos_CIHA.pdf,Não auditada individualmente; rótulo local/menção textual não comprovam correspondência semântica.
CIHA,t000_CIHADF2211,DIAG_PRINC,,,,,,,ftp://ftp.datasus.gov.br/dissemin/publicos/CIHA/201101_/Doc/Layout_Arquivos_CIHA.pdf,Não auditada individualmente; rótulo local/menção textual não comprovam correspondência semântica.
CIHA,t000_CIHADF2211,DIAG_SECUN,,,,,,,ftp://ftp.datasus.gov.br/dissemin/publicos/CIHA/201101_/Doc/Layout_Arquivos_CIHA.pdf,Não auditada individualmente; rótulo local/menção textual não comprovam correspondência semântica.
CIHA,t000_CIHADF2211,COBRANCA,,,,,,,ftp://ftp.datasus.gov.br/dissemin/publicos/CIHA/201101_/Doc/Layout_Arquivos_CIHA.pdf,Não auditada individualmente; rótulo local/menção textual não comprovam correspondência semântica.
CIHA,t000_CIHADF2211,NATUREZA,,,,,,,ftp://ftp.datasus.gov.br/dissemin/publicos/CIHA/201101_/Doc/Layout_Arquivos_CIHA.pdf,Não auditada individualmente; rótulo local/menção textual não comprovam correspondência semântica.
CIHA,t000_CIHADF2211,GESTAO,,,,,,,ftp://ftp.datasus.gov.br/dissemin/publicos/CIHA/201101_/Doc/Layout_Arquivos_CIHA.pdf,Não auditada individualmente; rótulo local/menção textual não comprovam correspondência semântica.
CIHA,t000_CIHADF2211,MUNIC_MOV,,,,,,,ftp://ftp.datasus.gov.br/dissemin/publicos/CIHA/201101_/Doc/Layout_Arquivos_CIHA.pdf,Não auditada individualmente; rótulo local/menção textual não comprovam correspondência semântica.
CIHA,t000_CIHADF2211,COD_IDADE,,,,,,,ftp://ftp.datasus.gov.br/dissemin/publicos/CIHA/201101_/Doc/Layout_Arquivos_CIHA.pdf,Não auditada individualmente; rótulo local/menção textual não comprovam correspondência semântica.
CIHA,t000_CIHADF2211,IDADE,,,,,,,ftp://ftp.datasus.gov.br/dissemin/publicos/CIHA/201101_/Doc/Layout_Arquivos_CIHA.pdf,Não auditada individualmente; rótulo local/menção textual não comprovam correspondência semântica.
CIHA,t000_CIHADF2211,DIAS_PERM,,,,,,,ftp://ftp.datasus.gov.br/dissemin/publicos/CIHA/201101_/Doc/Layout_Arquivos_CIHA.pdf,Não auditada individualmente; rótulo local/menção textual não comprovam correspondência semântica.
CIHA,t000_CIHADF2211,MORTE,,,,,,,ftp://ftp.datasus.gov.br/dissemin/publicos/CIHA/201101_/Doc/Layout_Arquivos_CIHA.pdf,Não auditada individualmente; rótulo local/menção textual não comprovam correspondência semântica.
CIHA,t000_CIHADF2211,NACIONAL,,,,,,,ftp://ftp.datasus.gov.br/dissemin/publicos/CIHA/201101_/Doc/Layout_Arquivos_CIHA.pdf,Não auditada individualmente; rótulo local/menção textual não comprovam correspondência semântica.
CIHA,t000_CIHADF2211,CAR_INT,,,,,,,ftp://ftp.datasus.gov.br/dissemin/publicos/CIHA/201101_/Doc/Layout_Arquivos_CIHA.pdf,Não auditada individualmente; rótulo local/menção textual não comprovam correspondência semântica.
CIHA,t000_CIHADF2211,HOMONIMO,,,,,,,ftp://ftp.datasus.gov.br/dissemin/publicos/CIHA/201101_/Doc/Layout_Arquivos_CIHA.pdf,Não auditada individualmente; rótulo local/menção textual não comprovam correspondência semântica.
CIHA,t000_CIHADF2211,CNES,,,,,,,ftp://ftp.datasus.gov.br/dissemin/publicos/CIHA/201101_/Doc/Layout_Arquivos_CIHA.pdf,Não auditada individualmente; rótulo local/menção textual não comprovam correspondência semântica.
CIHA,t000_CIHADF2211,FONTE,,,,,,,ftp://ftp.datasus.gov.br/dissemin/publicos/CIHA/201101_/Doc/Layout_Arquivos_CIHA.pdf,Não auditada individualmente; rótulo local/menção textual não comprovam correspondência semântica.
CIHA,t000_CIHADF2211,CGC_CONSOR,,,,,,,,Não auditada individualmente; rótulo local/menção textual não comprovam correspondência semântica.
CIHA,t000_CIHADF2211,MODALIDADE,,,,,,,ftp://ftp.datasus.gov.br/dissemin/publicos/CIHA/201101_/Doc/Layout_Arquivos_CIHA.pdf,Não auditada individualmente; rótulo local/menção textual não comprovam correspondência semântica.
CNES,t000_STRR2301,CNES,src/omnisus_db/data/dicionarios/cnes_st.yaml,CNES,Código CNES (7 dígitos),,,,ftp://ftp.datasus.gov.br/dissemin/publicos/CNES/200508_/doc/IT_CNES_1706.pdf,Não auditada individualmente; rótulo local/menção textual não comprovam correspondência semântica.
CNES,t000_STRR2301,CODUFMUN,src/omnisus_db/data/dicionarios/cnes_st.yaml,Município (IBGE),,,,"[{""fields"": ""codufmun"", ""reference"": {""resource"": ""aux_municipios"", ""fields"": ""codigo_ibge""}}]",ftp://ftp.datasus.gov.br/dissemin/publicos/CNES/200508_/doc/IT_CNES_1706.pdf,Não auditada individualmente; rótulo local/menção textual não comprovam correspondência semântica.
CNES,t000_STRR2301,COD_CEP,,,,,,,ftp://ftp.datasus.gov.br/dissemin/publicos/CNES/200508_/doc/IT_CNES_1706.pdf,Não auditada individualmente; rótulo local/menção textual não comprovam correspondência semântica.
CNES,t000_STRR2301,CPF_CNPJ,,,,,,,ftp://ftp.datasus.gov.br/dissemin/publicos/CNES/200508_/doc/IT_CNES_1706.pdf,Não auditada individualmente; rótulo local/menção textual não comprovam correspondência semântica.
CNES,t000_STRR2301,PF_PJ,,,,,,,ftp://ftp.datasus.gov.br/dissemin/publicos/CNES/200508_/doc/IT_CNES_1706.pdf,Não auditada individualmente; rótulo local/menção textual não comprovam correspondência semântica.
CNES,t000_STRR2301,NIV_DEP,,,,,,,ftp://ftp.datasus.gov.br/dissemin/publicos/CNES/200508_/doc/IT_CNES_1706.pdf,Não auditada individualmente; rótulo local/menção textual não comprovam correspondência semântica.
CNES,t000_STRR2301,CNPJ_MAN,src/omnisus_db/data/dicionarios/cnes_st.yaml,CNPJ da mantenedora,,,,,ftp://ftp.datasus.gov.br/dissemin/publicos/CNES/200508_/doc/IT_CNES_1706.pdf,Não auditada individualmente; rótulo local/menção textual não comprovam correspondência semântica.
CNES,t000_STRR2301,COD_IR,,,,,,,ftp://ftp.datasus.gov.br/dissemin/publicos/CNES/200508_/doc/IT_CNES_1706.pdf,Não auditada individualmente; rótulo local/menção textual não comprovam correspondência semântica.
CNES,t000_STRR2301,REGSAUDE,,,,,,,ftp://ftp.datasus.gov.br/dissemin/publicos/CNES/200508_/doc/IT_CNES_1706.pdf,Não auditada individualmente; rótulo local/menção textual não comprovam correspondência semântica.
CNES,t000_STRR2301,MICR_REG,,,,,,,ftp://ftp.datasus.gov.br/dissemin/publicos/CNES/200508_/doc/IT_CNES_1706.pdf,Não auditada individualmente; rótulo local/menção textual não comprovam correspondência semântica.
CNES,t000_STRR2301,DISTRSAN,,,,,,,ftp://ftp.datasus.gov.br/dissemin/publicos/CNES/200508_/doc/IT_CNES_1706.pdf,Não auditada individualmente; rótulo local/menção textual não comprovam correspondência semântica.
CNES,t000_STRR2301,DISTRADM,,,,,,,ftp://ftp.datasus.gov.br/dissemin/publicos/CNES/200508_/doc/IT_CNES_1706.pdf,Não auditada individualmente; rótulo local/menção textual não comprovam correspondência semântica.
CNES,t000_STRR2301,VINC_SUS,,,,,,,ftp://ftp.datasus.gov.br/dissemin/publicos/CNES/200508_/doc/IT_CNES_1706.pdf,Não auditada individualmente; rótulo local/menção textual não comprovam correspondência semântica.
CNES,t000_STRR2301,TPGESTAO,,,,,,,ftp://ftp.datasus.gov.br/dissemin/publicos/CNES/200508_/doc/IT_CNES_1706.pdf,Não auditada individualmente; rótulo local/menção textual não comprovam correspondência semântica.
CNES,t000_STRR2301,ESFERA_A,,,,,,,ftp://ftp.datasus.gov.br/dissemin/publicos/CNES/200508_/doc/IT_CNES_1706.pdf,Não auditada individualmente; rótulo local/menção textual não comprovam correspondência semântica.
CNES,t000_STRR2301,RETENCAO,,,,,,,ftp://ftp.datasus.gov.br/dissemin/publicos/CNES/200508_/doc/IT_CNES_1706.pdf,Não auditada individualmente; rótulo local/menção textual não comprovam correspondência semântica.
CNES,t000_STRR2301,ATIVIDAD,,,,,,,ftp://ftp.datasus.gov.br/dissemin/publicos/CNES/200508_/doc/IT_CNES_1706.pdf,Não auditada individualmente; rótulo local/menção textual não comprovam correspondência semântica.
CNES,t000_STRR2301,NATUREZA,,,,,,,ftp://ftp.datasus.gov.br/dissemin/publicos/CNES/200508_/doc/IT_CNES_1706.pdf,Não auditada individualmente; rótulo local/menção textual não comprovam correspondência semântica.
CNES,t000_STRR2301,CLIENTEL,,,,,,,ftp://ftp.datasus.gov.br/dissemin/publicos/CNES/200508_/doc/IT_CNES_1706.pdf,Não auditada individualmente; rótulo local/menção textual não comprovam correspondência semântica.
CNES,t000_STRR2301,TP_UNID,src/omnisus_db/data/dicionarios/cnes_st.yaml,Tipo de unidade,,"{""01"": ""Posto de Saúde"", ""02"": ""Centro de Saúde / UBS"", ""04"": ""Policlínica"", ""05"": ""Hospital Geral"", ""07"": ""Hospital Especializado"", ""15"": ""Unidade Mista"", ""20"": ""Pronto Socorro Geral"", ""21"": ""Pronto Socorro Especializado"", ""22"": ""Consultório Isolado"", ""32"": ""Unidade Móvel Fluvial"", ""36"": ""Clínica / Centro de Especialidade"", ""39"": ""Unidade de Apoio Diagnose e Terapia (SADT Isolado)"", ""40"": ""Unidade Móvel Terrestre"", ""42"": ""Unidade Móvel Pré-Hospitalar (Urgência)"", ""43"": ""Farmácia"", ""50"": ""Unidade de Vigilância em Saúde"", ""60"": ""Cooperativa ou Empresa de Cessão de Trabalhadores"", ""61"": ""Centro de Parto Normal Isolado"", ""62"": ""Hospital/Dia Isolado"", ""63"": ""Unidade Autorizadora"", ""64"": ""Central de Regulação de Serviços de Saúde"", ""67"": ""Laboratório Central de Saúde Pública (LACEN)"", ""68"": ""Central de Gestão em Saúde"", ""69"": ""Centro de Atenção Hemoterápica/Hematológica"", ""70"": ""Centro de Atenção Psicossocial (CAPS)"", ""71"": ""Centro de Apoio à Saúde da Família"", ""72"": ""Unidade de Atenção à Saúde Indígena"", ""73"": ""Pronto Atendimento"", ""74"": ""Polo Academia da Saúde"", ""75"": ""Telessaúde"", ""76"": ""Central de Regulação Médica das Urgências"", ""77"": ""Serviço de Atenção Domiciliar Isolado"", ""78"": ""Unidade de Atenção em Regime Residencial"", ""79"": ""Oficina Ortopédica"", ""80"": ""Laboratório de Saúde Pública"", ""81"": ""Central de Regulação do Acesso"", ""82"": ""Central de Notificação, Captação e Distribuição de Órgãos"", ""83"": ""Polo de Prevenção de Doenças e Promoção da Saúde"", ""84"": ""Central de Abastecimento""}",,,ftp://ftp.datasus.gov.br/dissemin/publicos/CNES/200508_/doc/IT_CNES_1706.pdf,Não auditada individualmente; rótulo local/menção textual não comprovam correspondência semântica.
CNES,t000_STRR2301,TURNO_AT,src/omnisus_db/data/dicionarios/cnes_st.yaml,Turno de atendimento,,"{""1"": ""Manhã"", ""2"": ""Tarde"", ""3"": ""Manhã / Tarde"", ""4"": ""Manhã / Tarde / Noite"", ""5"": ""Manhã / Noite"", ""6"": ""Tarde / Noite"", ""7"": ""Atendimento contínuo (24h)""}",,,ftp://ftp.datasus.gov.br/dissemin/publicos/CNES/200508_/doc/IT_CNES_1706.pdf,Não auditada individualmente; rótulo local/menção textual não comprovam correspondência semântica.
CNES,t000_STRR2301,NIV_HIER,,,,,,,ftp://ftp.datasus.gov.br/dissemin/publicos/CNES/200508_/doc/IT_CNES_1706.pdf,Não auditada individualmente; rótulo local/menção textual não comprovam correspondência semântica.
CNES,t000_STRR2301,TP_PREST,,,,,,,ftp://ftp.datasus.gov.br/dissemin/publicos/CNES/200508_/doc/IT_CNES_1706.pdf,Não auditada individualmente; rótulo local/menção textual não comprovam correspondência semântica.
CNES,t000_STRR2301,CO_BANCO,,,,,,,ftp://ftp.datasus.gov.br/dissemin/publicos/CNES/200508_/doc/IT_CNES_1706.pdf,Não auditada individualmente; rótulo local/menção textual não comprovam correspondência semântica.
CNES,t000_STRR2301,CO_AGENC,,,,,,,ftp://ftp.datasus.gov.br/dissemin/publicos/CNES/200508_/doc/IT_CNES_1706.pdf,Não auditada individualmente; rótulo local/menção textual não comprovam correspondência semântica.
CNES,t000_STRR2301,C_CORREN,,,,,,,ftp://ftp.datasus.gov.br/dissemin/publicos/CNES/200508_/doc/IT_CNES_1706.pdf,Não auditada individualmente; rótulo local/menção textual não comprovam correspondência semântica.
CNES,t000_STRR2301,CONTRATM,,,,,,,ftp://ftp.datasus.gov.br/dissemin/publicos/CNES/200508_/doc/IT_CNES_1706.pdf,Não auditada individualmente; rótulo local/menção textual não comprovam correspondência semântica.
CNES,t000_STRR2301,DT_PUBLM,,,,,,,ftp://ftp.datasus.gov.br/dissemin/publicos/CNES/200508_/doc/IT_CNES_1706.pdf,Não auditada individualmente; rótulo local/menção textual não comprovam correspondência semântica.
CNES,t000_STRR2301,CONTRATE,,,,,,,ftp://ftp.datasus.gov.br/dissemin/publicos/CNES/200508_/doc/IT_CNES_1706.pdf,Não auditada individualmente; rótulo local/menção textual não comprovam correspondência semântica.
CNES,t000_STRR2301,DT_PUBLE,,,,,,,ftp://ftp.datasus.gov.br/dissemin/publicos/CNES/200508_/doc/IT_CNES_1706.pdf,Não auditada individualmente; rótulo local/menção textual não comprovam correspondência semântica.
CNES,t000_STRR2301,ALVARA,,,,,,,ftp://ftp.datasus.gov.br/dissemin/publicos/CNES/200508_/doc/IT_CNES_1706.pdf,Não auditada individualmente; rótulo local/menção textual não comprovam correspondência semântica.
CNES,t000_STRR2301,DT_EXPED,,,,,,,ftp://ftp.datasus.gov.br/dissemin/publicos/CNES/200508_/doc/IT_CNES_1706.pdf,Não auditada individualmente; rótulo local/menção textual não comprovam correspondência semântica.
CNES,t000_STRR2301,ORGEXPED,,,,,,,ftp://ftp.datasus.gov.br/dissemin/publicos/CNES/200508_/doc/IT_CNES_1706.pdf,Não auditada individualmente; rótulo local/menção textual não comprovam correspondência semântica.
CNES,t000_STRR2301,AV_ACRED,,,,,,,ftp://ftp.datasus.gov.br/dissemin/publicos/CNES/200508_/doc/IT_CNES_1706.pdf,Não auditada individualmente; rótulo local/menção textual não comprovam correspondência semântica.
CNES,t000_STRR2301,CLASAVAL,,,,,,,ftp://ftp.datasus.gov.br/dissemin/publicos/CNES/200508_/doc/IT_CNES_1706.pdf,Não auditada individualmente; rótulo local/menção textual não comprovam correspondência semântica.
CNES,t000_STRR2301,DT_ACRED,,,,,,,ftp://ftp.datasus.gov.br/dissemin/publicos/CNES/200508_/doc/IT_CNES_1706.pdf,Não auditada individualmente; rótulo local/menção textual não comprovam correspondência semântica.
CNES,t000_STRR2301,AV_PNASS,,,,,,,ftp://ftp.datasus.gov.br/dissemin/publicos/CNES/200508_/doc/IT_CNES_1706.pdf,Não auditada individualmente; rótulo local/menção textual não comprovam correspondência semântica.
CNES,t000_STRR2301,DT_PNASS,,,,,,,ftp://ftp.datasus.gov.br/dissemin/publicos/CNES/200508_/doc/IT_CNES_1706.pdf,Não auditada individualmente; rótulo local/menção textual não comprovam correspondência semântica.
CNES,t000_STRR2301,GESPRG1E,,,,,,,ftp://ftp.datasus.gov.br/dissemin/publicos/CNES/200508_/doc/IT_CNES_1706.pdf,Não auditada individualmente; rótulo local/menção textual não comprovam correspondência semântica.
CNES,t000_STRR2301,GESPRG1M,,,,,,,ftp://ftp.datasus.gov.br/dissemin/publicos/CNES/200508_/doc/IT_CNES_1706.pdf,Não auditada individualmente; rótulo local/menção textual não comprovam correspondência semântica.
CNES,t000_STRR2301,GESPRG2E,,,,,,,ftp://ftp.datasus.gov.br/dissemin/publicos/CNES/200508_/doc/IT_CNES_1706.pdf,Não auditada individualmente; rótulo local/menção textual não comprovam correspondência semântica.
CNES,t000_STRR2301,GESPRG2M,,,,,,,ftp://ftp.datasus.gov.br/dissemin/publicos/CNES/200508_/doc/IT_CNES_1706.pdf,Não auditada individualmente; rótulo local/menção textual não comprovam correspondência semântica.
CNES,t000_STRR2301,GESPRG4E,,,,,,,ftp://ftp.datasus.gov.br/dissemin/publicos/CNES/200508_/doc/IT_CNES_1706.pdf,Não auditada individualmente; rótulo local/menção textual não comprovam correspondência semântica.
CNES,t000_STRR2301,GESPRG4M,,,,,,,ftp://ftp.datasus.gov.br/dissemin/publicos/CNES/200508_/doc/IT_CNES_1706.pdf,Não auditada individualmente; rótulo local/menção textual não comprovam correspondência semântica.
CNES,t000_STRR2301,NIVATE_A,src/omnisus_db/data/dicionarios/cnes_st.yaml,Nível de atenção,,,,,ftp://ftp.datasus.gov.br/dissemin/publicos/CNES/200508_/doc/IT_CNES_1706.pdf,Não auditada individualmente; rótulo local/menção textual não comprovam correspondência semântica.
CNES,t000_STRR2301,GESPRG3E,,,,,,,ftp://ftp.datasus.gov.br/dissemin/publicos/CNES/200508_/doc/IT_CNES_1706.pdf,Não auditada individualmente; rótulo local/menção textual não comprovam correspondência semântica.
CNES,t000_STRR2301,GESPRG3M,,,,,,,ftp://ftp.datasus.gov.br/dissemin/publicos/CNES/200508_/doc/IT_CNES_1706.pdf,Não auditada individualmente; rótulo local/menção textual não comprovam correspondência semântica.
CNES,t000_STRR2301,GESPRG5E,,,,,,,ftp://ftp.datasus.gov.br/dissemin/publicos/CNES/200508_/doc/IT_CNES_1706.pdf,Não auditada individualmente; rótulo local/menção textual não comprovam correspondência semântica.
CNES,t000_STRR2301,GESPRG5M,,,,,,,ftp://ftp.datasus.gov.br/dissemin/publicos/CNES/200508_/doc/IT_CNES_1706.pdf,Não auditada individualmente; rótulo local/menção textual não comprovam correspondência semântica.
CNES,t000_STRR2301,GESPRG6E,,,,,,,ftp://ftp.datasus.gov.br/dissemin/publicos/CNES/200508_/doc/IT_CNES_1706.pdf,Não auditada individualmente; rótulo local/menção textual não comprovam correspondência semântica.
CNES,t000_STRR2301,GESPRG6M,,,,,,,ftp://ftp.datasus.gov.br/dissemin/publicos/CNES/200508_/doc/IT_CNES_1706.pdf,Não auditada individualmente; rótulo local/menção textual não comprovam correspondência semântica.
CNES,t000_STRR2301,NIVATE_H,,,,,,,ftp://ftp.datasus.gov.br/dissemin/publicos/CNES/200508_/doc/IT_CNES_1706.pdf,Não auditada individualmente; rótulo local/menção textual não comprovam correspondência semântica.
CNES,t000_STRR2301,QTLEITP1,,,,,,,ftp://ftp.datasus.gov.br/dissemin/publicos/CNES/200508_/doc/IT_CNES_1706.pdf,Não auditada individualmente; rótulo local/menção textual não comprovam correspondência semântica.
CNES,t000_STRR2301,QTLEITP2,,,,,,,ftp://ftp.datasus.gov.br/dissemin/publicos/CNES/200508_/doc/IT_CNES_1706.pdf,Não auditada individualmente; rótulo local/menção textual não comprovam correspondência semântica.
CNES,t000_STRR2301,QTLEITP3,,,,,,,ftp://ftp.datasus.gov.br/dissemin/publicos/CNES/200508_/doc/IT_CNES_1706.pdf,Não auditada individualmente; rótulo local/menção textual não comprovam correspondência semântica.
CNES,t000_STRR2301,LEITHOSP,,,,,,,ftp://ftp.datasus.gov.br/dissemin/publicos/CNES/200508_/doc/IT_CNES_1706.pdf,Não auditada individualmente; rótulo local/menção textual não comprovam correspondência semântica.
CNES,t000_STRR2301,QTINST01,,,,,,,ftp://ftp.datasus.gov.br/dissemin/publicos/CNES/200508_/doc/IT_CNES_1706.pdf,Não auditada individualmente; rótulo local/menção textual não comprovam correspondência semântica.
CNES,t000_STRR2301,QTINST02,,,,,,,ftp://ftp.datasus.gov.br/dissemin/publicos/CNES/200508_/doc/IT_CNES_1706.pdf,Não auditada individualmente; rótulo local/menção textual não comprovam correspondência semântica.
CNES,t000_STRR2301,QTINST03,,,,,,,ftp://ftp.datasus.gov.br/dissemin/publicos/CNES/200508_/doc/IT_CNES_1706.pdf,Não auditada individualmente; rótulo local/menção textual não comprovam correspondência semântica.
CNES,t000_STRR2301,QTINST04,,,,,,,ftp://ftp.datasus.gov.br/dissemin/publicos/CNES/200508_/doc/IT_CNES_1706.pdf,Não auditada individualmente; rótulo local/menção textual não comprovam correspondência semântica.
CNES,t000_STRR2301,QTINST05,,,,,,,ftp://ftp.datasus.gov.br/dissemin/publicos/CNES/200508_/doc/IT_CNES_1706.pdf,Não auditada individualmente; rótulo local/menção textual não comprovam correspondência semântica.
CNES,t000_STRR2301,QTINST06,,,,,,,ftp://ftp.datasus.gov.br/dissemin/publicos/CNES/200508_/doc/IT_CNES_1706.pdf,Não auditada individualmente; rótulo local/menção textual não comprovam correspondência semântica.
CNES,t000_STRR2301,QTINST07,,,,,,,ftp://ftp.datasus.gov.br/dissemin/publicos/CNES/200508_/doc/IT_CNES_1706.pdf,Não auditada individualmente; rótulo local/menção textual não comprovam correspondência semântica.
CNES,t000_STRR2301,QTINST08,,,,,,,ftp://ftp.datasus.gov.br/dissemin/publicos/CNES/200508_/doc/IT_CNES_1706.pdf,Não auditada individualmente; rótulo local/menção textual não comprovam correspondência semântica.
CNES,t000_STRR2301,QTINST09,,,,,,,ftp://ftp.datasus.gov.br/dissemin/publicos/CNES/200508_/doc/IT_CNES_1706.pdf,Não auditada individualmente; rótulo local/menção textual não comprovam correspondência semântica.
CNES,t000_STRR2301,QTINST10,,,,,,,ftp://ftp.datasus.gov.br/dissemin/publicos/CNES/200508_/doc/IT_CNES_1706.pdf,Não auditada individualmente; rótulo local/menção textual não comprovam correspondência semântica.
CNES,t000_STRR2301,QTINST11,,,,,,,ftp://ftp.datasus.gov.br/dissemin/publicos/CNES/200508_/doc/IT_CNES_1706.pdf,Não auditada individualmente; rótulo local/menção textual não comprovam correspondência semântica.
CNES,t000_STRR2301,QTINST12,,,,,,,ftp://ftp.datasus.gov.br/dissemin/publicos/CNES/200508_/doc/IT_CNES_1706.pdf,Não auditada individualmente; rótulo local/menção textual não comprovam correspondência semântica.
CNES,t000_STRR2301,QTINST13,,,,,,,ftp://ftp.datasus.gov.br/dissemin/publicos/CNES/200508_/doc/IT_CNES_1706.pdf,Não auditada individualmente; rótulo local/menção textual não comprovam correspondência semântica.
CNES,t000_STRR2301,QTINST14,,,,,,,ftp://ftp.datasus.gov.br/dissemin/publicos/CNES/200508_/doc/IT_CNES_1706.pdf,Não auditada individualmente; rótulo local/menção textual não comprovam correspondência semântica.
CNES,t000_STRR2301,URGEMERG,,,,,,,ftp://ftp.datasus.gov.br/dissemin/publicos/CNES/200508_/doc/IT_CNES_1706.pdf,Não auditada individualmente; rótulo local/menção textual não comprovam correspondência semântica.
CNES,t000_STRR2301,QTINST15,,,,,,,ftp://ftp.datasus.gov.br/dissemin/publicos/CNES/200508_/doc/IT_CNES_1706.pdf,Não auditada individualmente; rótulo local/menção textual não comprovam correspondência semântica.
CNES,t000_STRR2301,QTINST16,,,,,,,ftp://ftp.datasus.gov.br/dissemin/publicos/CNES/200508_/doc/IT_CNES_1706.pdf,Não auditada individualmente; rótulo local/menção textual não comprovam correspondência semântica.
CNES,t000_STRR2301,QTINST17,,,,,,,ftp://ftp.datasus.gov.br/dissemin/publicos/CNES/200508_/doc/IT_CNES_1706.pdf,Não auditada individualmente; rótulo local/menção textual não comprovam correspondência semântica.
CNES,t000_STRR2301,QTINST18,,,,,,,ftp://ftp.datasus.gov.br/dissemin/publicos/CNES/200508_/doc/IT_CNES_1706.pdf,Não auditada individualmente; rótulo local/menção textual não comprovam correspondência semântica.
CNES,t000_STRR2301,QTINST19,,,,,,,ftp://ftp.datasus.gov.br/dissemin/publicos/CNES/200508_/doc/IT_CNES_1706.pdf,Não auditada individualmente; rótulo local/menção textual não comprovam correspondência semântica.
CNES,t000_STRR2301,QTINST20,,,,,,,ftp://ftp.datasus.gov.br/dissemin/publicos/CNES/200508_/doc/IT_CNES_1706.pdf,Não auditada individualmente; rótulo local/menção textual não comprovam correspondência semântica.
CNES,t000_STRR2301,QTINST21,,,,,,,ftp://ftp.datasus.gov.br/dissemin/publicos/CNES/200508_/doc/IT_CNES_1706.pdf,Não auditada individualmente; rótulo local/menção textual não comprovam correspondência semântica.
CNES,t000_STRR2301,QTINST22,,,,,,,ftp://ftp.datasus.gov.br/dissemin/publicos/CNES/200508_/doc/IT_CNES_1706.pdf,Não auditada individualmente; rótulo local/menção textual não comprovam correspondência semântica.
CNES,t000_STRR2301,QTINST23,,,,,,,ftp://ftp.datasus.gov.br/dissemin/publicos/CNES/200508_/doc/IT_CNES_1706.pdf,Não auditada individualmente; rótulo local/menção textual não comprovam correspondência semântica.
CNES,t000_STRR2301,QTINST24,,,,,,,ftp://ftp.datasus.gov.br/dissemin/publicos/CNES/200508_/doc/IT_CNES_1706.pdf,Não auditada individualmente; rótulo local/menção textual não comprovam correspondência semântica.
CNES,t000_STRR2301,QTINST25,,,,,,,ftp://ftp.datasus.gov.br/dissemin/publicos/CNES/200508_/doc/IT_CNES_1706.pdf,Não auditada individualmente; rótulo local/menção textual não comprovam correspondência semântica.
CNES,t000_STRR2301,QTINST26,,,,,,,ftp://ftp.datasus.gov.br/dissemin/publicos/CNES/200508_/doc/IT_CNES_1706.pdf,Não auditada individualmente; rótulo local/menção textual não comprovam correspondência semântica.
CNES,t000_STRR2301,QTINST27,,,,,,,ftp://ftp.datasus.gov.br/dissemin/publicos/CNES/200508_/doc/IT_CNES_1706.pdf,Não auditada individualmente; rótulo local/menção textual não comprovam correspondência semântica.
CNES,t000_STRR2301,QTINST28,,,,,,,ftp://ftp.datasus.gov.br/dissemin/publicos/CNES/200508_/doc/IT_CNES_1706.pdf,Não auditada individualmente; rótulo local/menção textual não comprovam correspondência semântica.
CNES,t000_STRR2301,QTINST29,,,,,,,ftp://ftp.datasus.gov.br/dissemin/publicos/CNES/200508_/doc/IT_CNES_1706.pdf,Não auditada individualmente; rótulo local/menção textual não comprovam correspondência semântica.
CNES,t000_STRR2301,QTINST30,,,,,,,ftp://ftp.datasus.gov.br/dissemin/publicos/CNES/200508_/doc/IT_CNES_1706.pdf,Não auditada individualmente; rótulo local/menção textual não comprovam correspondência semântica.
CNES,t000_STRR2301,ATENDAMB,,,,,,,ftp://ftp.datasus.gov.br/dissemin/publicos/CNES/200508_/doc/IT_CNES_1706.pdf,Não auditada individualmente; rótulo local/menção textual não comprovam correspondência semântica.
CNES,t000_STRR2301,QTINST31,,,,,,,ftp://ftp.datasus.gov.br/dissemin/publicos/CNES/200508_/doc/IT_CNES_1706.pdf,Não auditada individualmente; rótulo local/menção textual não comprovam correspondência semântica.
CNES,t000_STRR2301,QTINST32,,,,,,,ftp://ftp.datasus.gov.br/dissemin/publicos/CNES/200508_/doc/IT_CNES_1706.pdf,Não auditada individualmente; rótulo local/menção textual não comprovam correspondência semântica.
CNES,t000_STRR2301,QTINST33,,,,,,,ftp://ftp.datasus.gov.br/dissemin/publicos/CNES/200508_/doc/IT_CNES_1706.pdf,Não auditada individualmente; rótulo local/menção textual não comprovam correspondência semântica.
CNES,t000_STRR2301,CENTRCIR,,,,,,,ftp://ftp.datasus.gov.br/dissemin/publicos/CNES/200508_/doc/IT_CNES_1706.pdf,Não auditada individualmente; rótulo local/menção textual não comprovam correspondência semântica.
CNES,t000_STRR2301,QTINST34,,,,,,,ftp://ftp.datasus.gov.br/dissemin/publicos/CNES/200508_/doc/IT_CNES_1706.pdf,Não auditada individualmente; rótulo local/menção textual não comprovam correspondência semântica.
CNES,t000_STRR2301,QTINST35,,,,,,,ftp://ftp.datasus.gov.br/dissemin/publicos/CNES/200508_/doc/IT_CNES_1706.pdf,Não auditada individualmente; rótulo local/menção textual não comprovam correspondência semântica.
CNES,t000_STRR2301,QTINST36,,,,,,,ftp://ftp.datasus.gov.br/dissemin/publicos/CNES/200508_/doc/IT_CNES_1706.pdf,Não auditada individualmente; rótulo local/menção textual não comprovam correspondência semântica.
CNES,t000_STRR2301,QTINST37,,,,,,,ftp://ftp.datasus.gov.br/dissemin/publicos/CNES/200508_/doc/IT_CNES_1706.pdf,Não auditada individualmente; rótulo local/menção textual não comprovam correspondência semântica.
CNES,t000_STRR2301,CENTROBS,,,,,,,ftp://ftp.datasus.gov.br/dissemin/publicos/CNES/200508_/doc/IT_CNES_1706.pdf,Não auditada individualmente; rótulo local/menção textual não comprovam correspondência semântica.
CNES,t000_STRR2301,QTLEIT05,,,,,,,ftp://ftp.datasus.gov.br/dissemin/publicos/CNES/200508_/doc/IT_CNES_1706.pdf,Não auditada individualmente; rótulo local/menção textual não comprovam correspondência semântica.
CNES,t000_STRR2301,QTLEIT06,,,,,,,ftp://ftp.datasus.gov.br/dissemin/publicos/CNES/200508_/doc/IT_CNES_1706.pdf,Não auditada individualmente; rótulo local/menção textual não comprovam correspondência semântica.
CNES,t000_STRR2301,QTLEIT07,,,,,,,ftp://ftp.datasus.gov.br/dissemin/publicos/CNES/200508_/doc/IT_CNES_1706.pdf,Não auditada individualmente; rótulo local/menção textual não comprovam correspondência semântica.
CNES,t000_STRR2301,QTLEIT08,,,,,,,,Não auditada individualmente; rótulo local/menção textual não comprovam correspondência semântica.
CNES,t000_STRR2301,QTLEIT09,,,,,,,ftp://ftp.datasus.gov.br/dissemin/publicos/CNES/200508_/doc/IT_CNES_1706.pdf,Não auditada individualmente; rótulo local/menção textual não comprovam correspondência semântica.
CNES,t000_STRR2301,QTLEIT19,,,,,,,ftp://ftp.datasus.gov.br/dissemin/publicos/CNES/200508_/doc/IT_CNES_1706.pdf,Não auditada individualmente; rótulo local/menção textual não comprovam correspondência semântica.
CNES,t000_STRR2301,QTLEIT20,,,,,,,ftp://ftp.datasus.gov.br/dissemin/publicos/CNES/200508_/doc/IT_CNES_1706.pdf,Não auditada individualmente; rótulo local/menção textual não comprovam correspondência semântica.
CNES,t000_STRR2301,QTLEIT21,,,,,,,ftp://ftp.datasus.gov.br/dissemin/publicos/CNES/200508_/doc/IT_CNES_1706.pdf,Não auditada individualmente; rótulo local/menção textual não comprovam correspondência semântica.
CNES,t000_STRR2301,QTLEIT22,,,,,,,ftp://ftp.datasus.gov.br/dissemin/publicos/CNES/200508_/doc/IT_CNES_1706.pdf,Não auditada individualmente; rótulo local/menção textual não comprovam correspondência semântica.
CNES,t000_STRR2301,QTLEIT23,,,,,,,ftp://ftp.datasus.gov.br/dissemin/publicos/CNES/200508_/doc/IT_CNES_1706.pdf,Não auditada individualmente; rótulo local/menção textual não comprovam correspondência semântica.
CNES,t000_STRR2301,QTLEIT32,,,,,,,ftp://ftp.datasus.gov.br/dissemin/publicos/CNES/200508_/doc/IT_CNES_1706.pdf,Não auditada individualmente; rótulo local/menção textual não comprovam correspondência semântica.
CNES,t000_STRR2301,QTLEIT34,,,,,,,ftp://ftp.datasus.gov.br/dissemin/publicos/CNES/200508_/doc/IT_CNES_1706.pdf,Não auditada individualmente; rótulo local/menção textual não comprovam correspondência semântica.
CNES,t000_STRR2301,QTLEIT38,,,,,,,ftp://ftp.datasus.gov.br/dissemin/publicos/CNES/200508_/doc/IT_CNES_1706.pdf,Não auditada individualmente; rótulo local/menção textual não comprovam correspondência semântica.
CNES,t000_STRR2301,QTLEIT39,,,,,,,ftp://ftp.datasus.gov.br/dissemin/publicos/CNES/200508_/doc/IT_CNES_1706.pdf,Não auditada individualmente; rótulo local/menção textual não comprovam correspondência semântica.
CNES,t000_STRR2301,QTLEIT40,,,,,,,ftp://ftp.datasus.gov.br/dissemin/publicos/CNES/200508_/doc/IT_CNES_1706.pdf,Não auditada individualmente; rótulo local/menção textual não comprovam correspondência semântica.
CNES,t000_STRR2301,CENTRNEO,,,,,,,ftp://ftp.datasus.gov.br/dissemin/publicos/CNES/200508_/doc/IT_CNES_1706.pdf,Não auditada individualmente; rótulo local/menção textual não comprovam correspondência semântica.
CNES,t000_STRR2301,ATENDHOS,,,,,,,ftp://ftp.datasus.gov.br/dissemin/publicos/CNES/200508_/doc/IT_CNES_1706.pdf,Não auditada individualmente; rótulo local/menção textual não comprovam correspondência semântica.
CNES,t000_STRR2301,SERAP01P,,,,,,,ftp://ftp.datasus.gov.br/dissemin/publicos/CNES/200508_/doc/IT_CNES_1706.pdf,Não auditada individualmente; rótulo local/menção textual não comprovam correspondência semântica.
CNES,t000_STRR2301,SERAP01T,,,,,,,ftp://ftp.datasus.gov.br/dissemin/publicos/CNES/200508_/doc/IT_CNES_1706.pdf,Não auditada individualmente; rótulo local/menção textual não comprovam correspondência semântica.
CNES,t000_STRR2301,SERAP02P,,,,,,,ftp://ftp.datasus.gov.br/dissemin/publicos/CNES/200508_/doc/IT_CNES_1706.pdf,Não auditada individualmente; rótulo local/menção textual não comprovam correspondência semântica.
CNES,t000_STRR2301,SERAP02T,,,,,,,ftp://ftp.datasus.gov.br/dissemin/publicos/CNES/200508_/doc/IT_CNES_1706.pdf,Não auditada individualmente; rótulo local/menção textual não comprovam correspondência semântica.
CNES,t000_STRR2301,SERAP03P,,,,,,,ftp://ftp.datasus.gov.br/dissemin/publicos/CNES/200508_/doc/IT_CNES_1706.pdf,Não auditada individualmente; rótulo local/menção textual não comprovam correspondência semântica.
CNES,t000_STRR2301,SERAP03T,,,,,,,ftp://ftp.datasus.gov.br/dissemin/publicos/CNES/200508_/doc/IT_CNES_1706.pdf,Não auditada individualmente; rótulo local/menção textual não comprovam correspondência semântica.
CNES,t000_STRR2301,SERAP04P,,,,,,,ftp://ftp.datasus.gov.br/dissemin/publicos/CNES/200508_/doc/IT_CNES_1706.pdf,Não auditada individualmente; rótulo local/menção textual não comprovam correspondência semântica.
CNES,t000_STRR2301,SERAP04T,,,,,,,ftp://ftp.datasus.gov.br/dissemin/publicos/CNES/200508_/doc/IT_CNES_1706.pdf,Não auditada individualmente; rótulo local/menção textual não comprovam correspondência semântica.
CNES,t000_STRR2301,SERAP05P,,,,,,,ftp://ftp.datasus.gov.br/dissemin/publicos/CNES/200508_/doc/IT_CNES_1706.pdf,Não auditada individualmente; rótulo local/menção textual não comprovam correspondência semântica.
CNES,t000_STRR2301,SERAP05T,,,,,,,ftp://ftp.datasus.gov.br/dissemin/publicos/CNES/200508_/doc/IT_CNES_1706.pdf,Não auditada individualmente; rótulo local/menção textual não comprovam correspondência semântica.
CNES,t000_STRR2301,SERAP06P,,,,,,,ftp://ftp.datasus.gov.br/dissemin/publicos/CNES/200508_/doc/IT_CNES_1706.pdf,Não auditada individualmente; rótulo local/menção textual não comprovam correspondência semântica.
CNES,t000_STRR2301,SERAP06T,,,,,,,ftp://ftp.datasus.gov.br/dissemin/publicos/CNES/200508_/doc/IT_CNES_1706.pdf,Não auditada individualmente; rótulo local/menção textual não comprovam correspondência semântica.
CNES,t000_STRR2301,SERAP07P,,,,,,,ftp://ftp.datasus.gov.br/dissemin/publicos/CNES/200508_/doc/IT_CNES_1706.pdf,Não auditada individualmente; rótulo local/menção textual não comprovam correspondência semântica.
CNES,t000_STRR2301,SERAP07T,,,,,,,ftp://ftp.datasus.gov.br/dissemin/publicos/CNES/200508_/doc/IT_CNES_1706.pdf,Não auditada individualmente; rótulo local/menção textual não comprovam correspondência semântica.
CNES,t000_STRR2301,SERAP08P,,,,,,,ftp://ftp.datasus.gov.br/dissemin/publicos/CNES/200508_/doc/IT_CNES_1706.pdf,Não auditada individualmente; rótulo local/menção textual não comprovam correspondência semântica.
CNES,t000_STRR2301,SERAP08T,,,,,,,ftp://ftp.datasus.gov.br/dissemin/publicos/CNES/200508_/doc/IT_CNES_1706.pdf,Não auditada individualmente; rótulo local/menção textual não comprovam correspondência semântica.
CNES,t000_STRR2301,SERAP09P,,,,,,,ftp://ftp.datasus.gov.br/dissemin/publicos/CNES/200508_/doc/IT_CNES_1706.pdf,Não auditada individualmente; rótulo local/menção textual não comprovam correspondência semântica.
CNES,t000_STRR2301,SERAP09T,,,,,,,ftp://ftp.datasus.gov.br/dissemin/publicos/CNES/200508_/doc/IT_CNES_1706.pdf,Não auditada individualmente; rótulo local/menção textual não comprovam correspondência semântica.
CNES,t000_STRR2301,SERAP10P,,,,,,,ftp://ftp.datasus.gov.br/dissemin/publicos/CNES/200508_/doc/IT_CNES_1706.pdf,Não auditada individualmente; rótulo local/menção textual não comprovam correspondência semântica.
CNES,t000_STRR2301,SERAP10T,,,,,,,ftp://ftp.datasus.gov.br/dissemin/publicos/CNES/200508_/doc/IT_CNES_1706.pdf,Não auditada individualmente; rótulo local/menção textual não comprovam correspondência semântica.
CNES,t000_STRR2301,SERAP11P,,,,,,,ftp://ftp.datasus.gov.br/dissemin/publicos/CNES/200508_/doc/IT_CNES_1706.pdf,Não auditada individualmente; rótulo local/menção textual não comprovam correspondência semântica.
CNES,t000_STRR2301,SERAP11T,,,,,,,ftp://ftp.datasus.gov.br/dissemin/publicos/CNES/200508_/doc/IT_CNES_1706.pdf,Não auditada individualmente; rótulo local/menção textual não comprovam correspondência semântica.
CNES,t000_STRR2301,SERAPOIO,,,,,,,ftp://ftp.datasus.gov.br/dissemin/publicos/CNES/200508_/doc/IT_CNES_1706.pdf,Não auditada individualmente; rótulo local/menção textual não comprovam correspondência semântica.
CNES,t000_STRR2301,RES_BIOL,,,,,,,ftp://ftp.datasus.gov.br/dissemin/publicos/CNES/200508_/doc/IT_CNES_1706.pdf,Não auditada individualmente; rótulo local/menção textual não comprovam correspondência semântica.
CNES,t000_STRR2301,RES_QUIM,,,,,,,ftp://ftp.datasus.gov.br/dissemin/publicos/CNES/200508_/doc/IT_CNES_1706.pdf,Não auditada individualmente; rótulo local/menção textual não comprovam correspondência semântica.
CNES,t000_STRR2301,RES_RADI,,,,,,,ftp://ftp.datasus.gov.br/dissemin/publicos/CNES/200508_/doc/IT_CNES_1706.pdf,Não auditada individualmente; rótulo local/menção textual não comprovam correspondência semântica.
CNES,t000_STRR2301,RES_COMU,,,,,,,ftp://ftp.datasus.gov.br/dissemin/publicos/CNES/200508_/doc/IT_CNES_1706.pdf,Não auditada individualmente; rótulo local/menção textual não comprovam correspondência semântica.
CNES,t000_STRR2301,COLETRES,,,,,,,ftp://ftp.datasus.gov.br/dissemin/publicos/CNES/200508_/doc/IT_CNES_1706.pdf,Não auditada individualmente; rótulo local/menção textual não comprovam correspondência semântica.
CNES,t000_STRR2301,COMISS01,,,,,,,ftp://ftp.datasus.gov.br/dissemin/publicos/CNES/200508_/doc/IT_CNES_1706.pdf,Não auditada individualmente; rótulo local/menção textual não comprovam correspondência semântica.
CNES,t000_STRR2301,COMISS02,,,,,,,ftp://ftp.datasus.gov.br/dissemin/publicos/CNES/200508_/doc/IT_CNES_1706.pdf,Não auditada individualmente; rótulo local/menção textual não comprovam correspondência semântica.
CNES,t000_STRR2301,COMISS03,,,,,,,ftp://ftp.datasus.gov.br/dissemin/publicos/CNES/200508_/doc/IT_CNES_1706.pdf,Não auditada individualmente; rótulo local/menção textual não comprovam correspondência semântica.
CNES,t000_STRR2301,COMISS04,,,,,,,ftp://ftp.datasus.gov.br/dissemin/publicos/CNES/200508_/doc/IT_CNES_1706.pdf,Não auditada individualmente; rótulo local/menção textual não comprovam correspondência semântica.
CNES,t000_STRR2301,COMISS05,,,,,,,ftp://ftp.datasus.gov.br/dissemin/publicos/CNES/200508_/doc/IT_CNES_1706.pdf,Não auditada individualmente; rótulo local/menção textual não comprovam correspondência semântica.
CNES,t000_STRR2301,COMISS06,,,,,,,ftp://ftp.datasus.gov.br/dissemin/publicos/CNES/200508_/doc/IT_CNES_1706.pdf,Não auditada individualmente; rótulo local/menção textual não comprovam correspondência semântica.
CNES,t000_STRR2301,COMISS07,,,,,,,ftp://ftp.datasus.gov.br/dissemin/publicos/CNES/200508_/doc/IT_CNES_1706.pdf,Não auditada individualmente; rótulo local/menção textual não comprovam correspondência semântica.
CNES,t000_STRR2301,COMISS08,,,,,,,ftp://ftp.datasus.gov.br/dissemin/publicos/CNES/200508_/doc/IT_CNES_1706.pdf,Não auditada individualmente; rótulo local/menção textual não comprovam correspondência semântica.
CNES,t000_STRR2301,COMISS09,,,,,,,ftp://ftp.datasus.gov.br/dissemin/publicos/CNES/200508_/doc/IT_CNES_1706.pdf,Não auditada individualmente; rótulo local/menção textual não comprovam correspondência semântica.
CNES,t000_STRR2301,COMISS10,,,,,,,ftp://ftp.datasus.gov.br/dissemin/publicos/CNES/200508_/doc/IT_CNES_1706.pdf,Não auditada individualmente; rótulo local/menção textual não comprovam correspondência semântica.
CNES,t000_STRR2301,COMISS11,,,,,,,ftp://ftp.datasus.gov.br/dissemin/publicos/CNES/200508_/doc/IT_CNES_1706.pdf,Não auditada individualmente; rótulo local/menção textual não comprovam correspondência semântica.
CNES,t000_STRR2301,COMISS12,,,,,,,ftp://ftp.datasus.gov.br/dissemin/publicos/CNES/200508_/doc/IT_CNES_1706.pdf,Não auditada individualmente; rótulo local/menção textual não comprovam correspondência semântica.
CNES,t000_STRR2301,COMISSAO,,,,,,,ftp://ftp.datasus.gov.br/dissemin/publicos/CNES/200508_/doc/IT_CNES_1706.pdf,Não auditada individualmente; rótulo local/menção textual não comprovam correspondência semântica.
CNES,t000_STRR2301,AP01CV01,,,,,,,ftp://ftp.datasus.gov.br/dissemin/publicos/CNES/200508_/doc/IT_CNES_1706.pdf,Não auditada individualmente; rótulo local/menção textual não comprovam correspondência semântica.
CNES,t000_STRR2301,AP01CV02,,,,,,,ftp://ftp.datasus.gov.br/dissemin/publicos/CNES/200508_/doc/IT_CNES_1706.pdf,Não auditada individualmente; rótulo local/menção textual não comprovam correspondência semântica.
CNES,t000_STRR2301,AP01CV03,,,,,,,ftp://ftp.datasus.gov.br/dissemin/publicos/CNES/200508_/doc/IT_CNES_1706.pdf,Não auditada individualmente; rótulo local/menção textual não comprovam correspondência semântica.
CNES,t000_STRR2301,AP01CV04,,,,,,,ftp://ftp.datasus.gov.br/dissemin/publicos/CNES/200508_/doc/IT_CNES_1706.pdf,Não auditada individualmente; rótulo local/menção textual não comprovam correspondência semântica.
CNES,t000_STRR2301,AP01CV05,,,,,,,ftp://ftp.datasus.gov.br/dissemin/publicos/CNES/200508_/doc/IT_CNES_1706.pdf,Não auditada individualmente; rótulo local/menção textual não comprovam correspondência semântica.
CNES,t000_STRR2301,AP01CV06,,,,,,,ftp://ftp.datasus.gov.br/dissemin/publicos/CNES/200508_/doc/IT_CNES_1706.pdf,Não auditada individualmente; rótulo local/menção textual não comprovam correspondência semântica.
CNES,t000_STRR2301,AP01CV07,,,,,,,,Não auditada individualmente; rótulo local/menção textual não comprovam correspondência semântica.
CNES,t000_STRR2301,AP02CV01,,,,,,,ftp://ftp.datasus.gov.br/dissemin/publicos/CNES/200508_/doc/IT_CNES_1706.pdf,Não auditada individualmente; rótulo local/menção textual não comprovam correspondência semântica.
CNES,t000_STRR2301,AP02CV02,,,,,,,ftp://ftp.datasus.gov.br/dissemin/publicos/CNES/200508_/doc/IT_CNES_1706.pdf,Não auditada individualmente; rótulo local/menção textual não comprovam correspondência semântica.
CNES,t000_STRR2301,AP02CV03,,,,,,,ftp://ftp.datasus.gov.br/dissemin/publicos/CNES/200508_/doc/IT_CNES_1706.pdf,Não auditada individualmente; rótulo local/menção textual não comprovam correspondência semântica.
CNES,t000_STRR2301,AP02CV04,,,,,,,ftp://ftp.datasus.gov.br/dissemin/publicos/CNES/200508_/doc/IT_CNES_1706.pdf,Não auditada individualmente; rótulo local/menção textual não comprovam correspondência semântica.
CNES,t000_STRR2301,AP02CV05,,,,,,,ftp://ftp.datasus.gov.br/dissemin/publicos/CNES/200508_/doc/IT_CNES_1706.pdf,Não auditada individualmente; rótulo local/menção textual não comprovam correspondência semântica.
CNES,t000_STRR2301,AP02CV06,,,,,,,ftp://ftp.datasus.gov.br/dissemin/publicos/CNES/200508_/doc/IT_CNES_1706.pdf,Não auditada individualmente; rótulo local/menção textual não comprovam correspondência semântica.
CNES,t000_STRR2301,AP02CV07,,,,,,,,Não auditada individualmente; rótulo local/menção textual não comprovam correspondência semântica.
CNES,t000_STRR2301,AP03CV01,,,,,,,ftp://ftp.datasus.gov.br/dissemin/publicos/CNES/200508_/doc/IT_CNES_1706.pdf,Não auditada individualmente; rótulo local/menção textual não comprovam correspondência semântica.
CNES,t000_STRR2301,AP03CV02,,,,,,,ftp://ftp.datasus.gov.br/dissemin/publicos/CNES/200508_/doc/IT_CNES_1706.pdf,Não auditada individualmente; rótulo local/menção textual não comprovam correspondência semântica.
CNES,t000_STRR2301,AP03CV03,,,,,,,ftp://ftp.datasus.gov.br/dissemin/publicos/CNES/200508_/doc/IT_CNES_1706.pdf,Não auditada individualmente; rótulo local/menção textual não comprovam correspondência semântica.
CNES,t000_STRR2301,AP03CV04,,,,,,,ftp://ftp.datasus.gov.br/dissemin/publicos/CNES/200508_/doc/IT_CNES_1706.pdf,Não auditada individualmente; rótulo local/menção textual não comprovam correspondência semântica.
CNES,t000_STRR2301,AP03CV05,,,,,,,ftp://ftp.datasus.gov.br/dissemin/publicos/CNES/200508_/doc/IT_CNES_1706.pdf,Não auditada individualmente; rótulo local/menção textual não comprovam correspondência semântica.
CNES,t000_STRR2301,AP03CV06,,,,,,,ftp://ftp.datasus.gov.br/dissemin/publicos/CNES/200508_/doc/IT_CNES_1706.pdf,Não auditada individualmente; rótulo local/menção textual não comprovam correspondência semântica.
CNES,t000_STRR2301,AP03CV07,,,,,,,,Não auditada individualmente; rótulo local/menção textual não comprovam correspondência semântica.
CNES,t000_STRR2301,AP04CV01,,,,,,,ftp://ftp.datasus.gov.br/dissemin/publicos/CNES/200508_/doc/IT_CNES_1706.pdf,Não auditada individualmente; rótulo local/menção textual não comprovam correspondência semântica.
CNES,t000_STRR2301,AP04CV02,,,,,,,ftp://ftp.datasus.gov.br/dissemin/publicos/CNES/200508_/doc/IT_CNES_1706.pdf,Não auditada individualmente; rótulo local/menção textual não comprovam correspondência semântica.
CNES,t000_STRR2301,AP04CV03,,,,,,,ftp://ftp.datasus.gov.br/dissemin/publicos/CNES/200508_/doc/IT_CNES_1706.pdf,Não auditada individualmente; rótulo local/menção textual não comprovam correspondência semântica.
CNES,t000_STRR2301,AP04CV04,,,,,,,ftp://ftp.datasus.gov.br/dissemin/publicos/CNES/200508_/doc/IT_CNES_1706.pdf,Não auditada individualmente; rótulo local/menção textual não comprovam correspondência semântica.
CNES,t000_STRR2301,AP04CV05,,,,,,,ftp://ftp.datasus.gov.br/dissemin/publicos/CNES/200508_/doc/IT_CNES_1706.pdf,Não auditada individualmente; rótulo local/menção textual não comprovam correspondência semântica.
CNES,t000_STRR2301,AP04CV06,,,,,,,ftp://ftp.datasus.gov.br/dissemin/publicos/CNES/200508_/doc/IT_CNES_1706.pdf,Não auditada individualmente; rótulo local/menção textual não comprovam correspondência semântica.
CNES,t000_STRR2301,AP04CV07,,,,,,,,Não auditada individualmente; rótulo local/menção textual não comprovam correspondência semântica.
CNES,t000_STRR2301,AP05CV01,,,,,,,ftp://ftp.datasus.gov.br/dissemin/publicos/CNES/200508_/doc/IT_CNES_1706.pdf,Não auditada individualmente; rótulo local/menção textual não comprovam correspondência semântica.
CNES,t000_STRR2301,AP05CV02,,,,,,,ftp://ftp.datasus.gov.br/dissemin/publicos/CNES/200508_/doc/IT_CNES_1706.pdf,Não auditada individualmente; rótulo local/menção textual não comprovam correspondência semântica.
CNES,t000_STRR2301,AP05CV03,,,,,,,ftp://ftp.datasus.gov.br/dissemin/publicos/CNES/200508_/doc/IT_CNES_1706.pdf,Não auditada individualmente; rótulo local/menção textual não comprovam correspondência semântica.
CNES,t000_STRR2301,AP05CV04,,,,,,,ftp://ftp.datasus.gov.br/dissemin/publicos/CNES/200508_/doc/IT_CNES_1706.pdf,Não auditada individualmente; rótulo local/menção textual não comprovam correspondência semântica.
CNES,t000_STRR2301,AP05CV05,,,,,,,ftp://ftp.datasus.gov.br/dissemin/publicos/CNES/200508_/doc/IT_CNES_1706.pdf,Não auditada individualmente; rótulo local/menção textual não comprovam correspondência semântica.
CNES,t000_STRR2301,AP05CV06,,,,,,,ftp://ftp.datasus.gov.br/dissemin/publicos/CNES/200508_/doc/IT_CNES_1706.pdf,Não auditada individualmente; rótulo local/menção textual não comprovam correspondência semântica.
CNES,t000_STRR2301,AP05CV07,,,,,,,,Não auditada individualmente; rótulo local/menção textual não comprovam correspondência semântica.
CNES,t000_STRR2301,AP06CV01,,,,,,,ftp://ftp.datasus.gov.br/dissemin/publicos/CNES/200508_/doc/IT_CNES_1706.pdf,Não auditada individualmente; rótulo local/menção textual não comprovam correspondência semântica.
CNES,t000_STRR2301,AP06CV02,,,,,,,ftp://ftp.datasus.gov.br/dissemin/publicos/CNES/200508_/doc/IT_CNES_1706.pdf,Não auditada individualmente; rótulo local/menção textual não comprovam correspondência semântica.
CNES,t000_STRR2301,AP06CV03,,,,,,,ftp://ftp.datasus.gov.br/dissemin/publicos/CNES/200508_/doc/IT_CNES_1706.pdf,Não auditada individualmente; rótulo local/menção textual não comprovam correspondência semântica.
CNES,t000_STRR2301,AP06CV04,,,,,,,ftp://ftp.datasus.gov.br/dissemin/publicos/CNES/200508_/doc/IT_CNES_1706.pdf,Não auditada individualmente; rótulo local/menção textual não comprovam correspondência semântica.
CNES,t000_STRR2301,AP06CV05,,,,,,,ftp://ftp.datasus.gov.br/dissemin/publicos/CNES/200508_/doc/IT_CNES_1706.pdf,Não auditada individualmente; rótulo local/menção textual não comprovam correspondência semântica.
CNES,t000_STRR2301,AP06CV06,,,,,,,ftp://ftp.datasus.gov.br/dissemin/publicos/CNES/200508_/doc/IT_CNES_1706.pdf,Não auditada individualmente; rótulo local/menção textual não comprovam correspondência semântica.
CNES,t000_STRR2301,AP06CV07,,,,,,,,Não auditada individualmente; rótulo local/menção textual não comprovam correspondência semântica.
CNES,t000_STRR2301,AP07CV01,,,,,,,ftp://ftp.datasus.gov.br/dissemin/publicos/CNES/200508_/doc/IT_CNES_1706.pdf,Não auditada individualmente; rótulo local/menção textual não comprovam correspondência semântica.
CNES,t000_STRR2301,AP07CV02,,,,,,,ftp://ftp.datasus.gov.br/dissemin/publicos/CNES/200508_/doc/IT_CNES_1706.pdf,Não auditada individualmente; rótulo local/menção textual não comprovam correspondência semântica.
CNES,t000_STRR2301,AP07CV03,,,,,,,ftp://ftp.datasus.gov.br/dissemin/publicos/CNES/200508_/doc/IT_CNES_1706.pdf,Não auditada individualmente; rótulo local/menção textual não comprovam correspondência semântica.
CNES,t000_STRR2301,AP07CV04,,,,,,,ftp://ftp.datasus.gov.br/dissemin/publicos/CNES/200508_/doc/IT_CNES_1706.pdf,Não auditada individualmente; rótulo local/menção textual não comprovam correspondência semântica.
CNES,t000_STRR2301,AP07CV05,,,,,,,ftp://ftp.datasus.gov.br/dissemin/publicos/CNES/200508_/doc/IT_CNES_1706.pdf,Não auditada individualmente; rótulo local/menção textual não comprovam correspondência semântica.
CNES,t000_STRR2301,AP07CV06,,,,,,,ftp://ftp.datasus.gov.br/dissemin/publicos/CNES/200508_/doc/IT_CNES_1706.pdf,Não auditada individualmente; rótulo local/menção textual não comprovam correspondência semântica.
CNES,t000_STRR2301,AP07CV07,,,,,,,,Não auditada individualmente; rótulo local/menção textual não comprovam correspondência semântica.
CNES,t000_STRR2301,ATEND_PR,,,,,,,ftp://ftp.datasus.gov.br/dissemin/publicos/CNES/200508_/doc/IT_CNES_1706.pdf,Não auditada individualmente; rótulo local/menção textual não comprovam correspondência semântica.
CNES,t000_STRR2301,DT_ATUAL,src/omnisus_db/data/dicionarios/cnes_st.yaml,Data de atualização,,,,,,Não auditada individualmente; rótulo local/menção textual não comprovam correspondência semântica.
CNES,t000_STRR2301,COMPETEN,src/omnisus_db/data/dicionarios/cnes_st.yaml,Competência (YYYYMM),,,,,ftp://ftp.datasus.gov.br/dissemin/publicos/CNES/200508_/doc/IT_CNES_1706.pdf,Não auditada individualmente; rótulo local/menção textual não comprovam correspondência semântica.
CNES,t000_STRR2301,NAT_JUR,src/omnisus_db/data/dicionarios/cnes_st.yaml,Natureza jurídica (CONCLA),,,,,ftp://ftp.datasus.gov.br/dissemin/publicos/CNES/200508_/doc/IT_CNES_1706.pdf,Não auditada individualmente; rótulo local/menção textual não comprovam correspondência semântica.
ESUSNOTIFICA,t000_DCCRBR23,SG_UF_NOT,,,,,,,ftp://ftp.datasus.gov.br/dissemin/publicos/ESUSNOTIFICA/DOCS/Dicionario_de_Dados_Doenca_de_Chagas_Cronica.pdf,Não auditada individualmente; rótulo local/menção textual não comprovam correspondência semântica.
ESUSNOTIFICA,t000_DCCRBR23,ID_MUNICIP,,,,,,,ftp://ftp.datasus.gov.br/dissemin/publicos/ESUSNOTIFICA/DOCS/Dicionario_de_Dados_Doenca_de_Chagas_Cronica.pdf,Não auditada individualmente; rótulo local/menção textual não comprovam correspondência semântica.
ESUSNOTIFICA,t000_DCCRBR23,ID_ESTRANG,,,,,,,ftp://ftp.datasus.gov.br/dissemin/publicos/ESUSNOTIFICA/DOCS/Dicionario_de_Dados_Doenca_de_Chagas_Cronica.pdf,Não auditada individualmente; rótulo local/menção textual não comprovam correspondência semântica.
ESUSNOTIFICA,t000_DCCRBR23,ID_OCUPA_N,,,,,,,ftp://ftp.datasus.gov.br/dissemin/publicos/ESUSNOTIFICA/DOCS/Dicionario_de_Dados_Doenca_de_Chagas_Cronica.pdf,Não auditada individualmente; rótulo local/menção textual não comprovam correspondência semântica.
ESUSNOTIFICA,t000_DCCRBR23,ID_PAIS,,,,,,,ftp://ftp.datasus.gov.br/dissemin/publicos/ESUSNOTIFICA/DOCS/Dicionario_de_Dados_Doenca_de_Chagas_Cronica.pdf,Não auditada individualmente; rótulo local/menção textual não comprovam correspondência semântica.
ESUSNOTIFICA,t000_DCCRBR23,NU_IDADE_N,,,,,,,ftp://ftp.datasus.gov.br/dissemin/publicos/ESUSNOTIFICA/DOCS/Dicionario_de_Dados_Doenca_de_Chagas_Cronica.pdf,Não auditada individualmente; rótulo local/menção textual não comprovam correspondência semântica.
ESUSNOTIFICA,t000_DCCRBR23,CS_SEXO,,,,,,,ftp://ftp.datasus.gov.br/dissemin/publicos/ESUSNOTIFICA/DOCS/Dicionario_de_Dados_Doenca_de_Chagas_Cronica.pdf,Não auditada individualmente; rótulo local/menção textual não comprovam correspondência semântica.
ESUSNOTIFICA,t000_DCCRBR23,CS_RACA,,,,,,,ftp://ftp.datasus.gov.br/dissemin/publicos/ESUSNOTIFICA/DOCS/Dicionario_de_Dados_Doenca_de_Chagas_Cronica.pdf,Não auditada individualmente; rótulo local/menção textual não comprovam correspondência semântica.
ESUSNOTIFICA,t000_DCCRBR23,CS_ESCOL_N,,,,,,,ftp://ftp.datasus.gov.br/dissemin/publicos/ESUSNOTIFICA/DOCS/Dicionario_de_Dados_Doenca_de_Chagas_Cronica.pdf,Não auditada individualmente; rótulo local/menção textual não comprovam correspondência semântica.
ESUSNOTIFICA,t000_DCCRBR23,SG_UF,,,,,,,ftp://ftp.datasus.gov.br/dissemin/publicos/ESUSNOTIFICA/DOCS/Dicionario_de_Dados_Doenca_de_Chagas_Cronica.pdf,Não auditada individualmente; rótulo local/menção textual não comprovam correspondência semântica.
ESUSNOTIFICA,t000_DCCRBR23,ID_MN_RESI,,,,,,,ftp://ftp.datasus.gov.br/dissemin/publicos/ESUSNOTIFICA/DOCS/Dicionario_de_Dados_Doenca_de_Chagas_Cronica.pdf,Não auditada individualmente; rótulo local/menção textual não comprovam correspondência semântica.
ESUSNOTIFICA,t000_DCCRBR23,SG_PAIS,,,,,,,ftp://ftp.datasus.gov.br/dissemin/publicos/ESUSNOTIFICA/DOCS/Dicionario_de_Dados_Doenca_de_Chagas_Cronica.pdf,Não auditada individualmente; rótulo local/menção textual não comprovam correspondência semântica.
ESUSNOTIFICA,t000_DCCRBR23,DT_NOTIFIC,,,,,,,ftp://ftp.datasus.gov.br/dissemin/publicos/ESUSNOTIFICA/DOCS/Dicionario_de_Dados_Doenca_de_Chagas_Cronica.pdf,Não auditada individualmente; rótulo local/menção textual não comprovam correspondência semântica.
ESUSNOTIFICA,t000_DCCRBR23,ANO_DIAG,,,,,,,ftp://ftp.datasus.gov.br/dissemin/publicos/ESUSNOTIFICA/DOCS/Dicionario_de_Dados_Doenca_de_Chagas_Cronica.pdf,Não auditada individualmente; rótulo local/menção textual não comprovam correspondência semântica.
ESUSNOTIFICA,t000_DCCRBR23,MO_SUSPEIT,,,,,,,ftp://ftp.datasus.gov.br/dissemin/publicos/ESUSNOTIFICA/DOCS/Dicionario_de_Dados_Doenca_de_Chagas_Cronica.pdf,Não auditada individualmente; rótulo local/menção textual não comprovam correspondência semântica.
ESUSNOTIFICA,t000_DCCRBR23,CS_GESTANT,,,,,,,ftp://ftp.datasus.gov.br/dissemin/publicos/ESUSNOTIFICA/DOCS/Dicionario_de_Dados_Doenca_de_Chagas_Cronica.pdf,Não auditada individualmente; rótulo local/menção textual não comprovam correspondência semântica.
ESUSNOTIFICA,t000_DCCRBR23,UF_NASC,,,,,,,ftp://ftp.datasus.gov.br/dissemin/publicos/ESUSNOTIFICA/DOCS/Dicionario_de_Dados_Doenca_de_Chagas_Cronica.pdf,Não auditada individualmente; rótulo local/menção textual não comprovam correspondência semântica.
ESUSNOTIFICA,t000_DCCRBR23,MUN_NASC,,,,,,,ftp://ftp.datasus.gov.br/dissemin/publicos/ESUSNOTIFICA/DOCS/Dicionario_de_Dados_Doenca_de_Chagas_Cronica.pdf,Não auditada individualmente; rótulo local/menção textual não comprovam correspondência semântica.
ESUSNOTIFICA,t000_DCCRBR23,COUFINF,,,,,,,ftp://ftp.datasus.gov.br/dissemin/publicos/ESUSNOTIFICA/DOCS/Dicionario_de_Dados_Doenca_de_Chagas_Cronica.pdf,Não auditada individualmente; rótulo local/menção textual não comprovam correspondência semântica.
ESUSNOTIFICA,t000_DCCRBR23,COMUNINF,,,,,,,ftp://ftp.datasus.gov.br/dissemin/publicos/ESUSNOTIFICA/DOCS/Dicionario_de_Dados_Doenca_de_Chagas_Cronica.pdf,Não auditada individualmente; rótulo local/menção textual não comprovam correspondência semântica.
ESUSNOTIFICA,t000_DCCRBR23,EIE_IGG,,,,,,,ftp://ftp.datasus.gov.br/dissemin/publicos/ESUSNOTIFICA/DOCS/Dicionario_de_Dados_Doenca_de_Chagas_Cronica.pdf,Não auditada individualmente; rótulo local/menção textual não comprovam correspondência semântica.
ESUSNOTIFICA,t000_DCCRBR23,IFI_IGG,,,,,,,ftp://ftp.datasus.gov.br/dissemin/publicos/ESUSNOTIFICA/DOCS/Dicionario_de_Dados_Doenca_de_Chagas_Cronica.pdf,Não auditada individualmente; rótulo local/menção textual não comprovam correspondência semântica.
ESUSNOTIFICA,t000_DCCRBR23,HAI_IGG,,,,,,,ftp://ftp.datasus.gov.br/dissemin/publicos/ESUSNOTIFICA/DOCS/Dicionario_de_Dados_Doenca_de_Chagas_Cronica.pdf,Não auditada individualmente; rótulo local/menção textual não comprovam correspondência semântica.
ESUSNOTIFICA,t000_DCCRBR23,QUIMIO_IGG,,,,,,,ftp://ftp.datasus.gov.br/dissemin/publicos/ESUSNOTIFICA/DOCS/Dicionario_de_Dados_Doenca_de_Chagas_Cronica.pdf,Não auditada individualmente; rótulo local/menção textual não comprovam correspondência semântica.
ESUSNOTIFICA,t000_DCCRBR23,PCR,,,,,,,ftp://ftp.datasus.gov.br/dissemin/publicos/ESUSNOTIFICA/DOCS/Dicionario_de_Dados_Doenca_de_Chagas_Cronica.pdf,Não auditada individualmente; rótulo local/menção textual não comprovam correspondência semântica.
ESUSNOTIFICA,t000_DCCRBR23,OUTRO_POSI,,,,,,,ftp://ftp.datasus.gov.br/dissemin/publicos/ESUSNOTIFICA/DOCS/Dicionario_de_Dados_Doenca_de_Chagas_Cronica.pdf,Não auditada individualmente; rótulo local/menção textual não comprovam correspondência semântica.
ESUSNOTIFICA,t000_DCCRBR23,AC_NOT,,,,,,,ftp://ftp.datasus.gov.br/dissemin/publicos/ESUSNOTIFICA/DOCS/Dicionario_de_Dados_Doenca_de_Chagas_Cronica.pdf,Não auditada individualmente; rótulo local/menção textual não comprovam correspondência semântica.
ESUSNOTIFICA,t000_DCCRBR23,UF_UBS_AC,,,,,,,ftp://ftp.datasus.gov.br/dissemin/publicos/ESUSNOTIFICA/DOCS/Dicionario_de_Dados_Doenca_de_Chagas_Cronica.pdf,Não auditada individualmente; rótulo local/menção textual não comprovam correspondência semântica.
ESUSNOTIFICA,t000_DCCRBR23,MUN_UBS_AC,,,,,,,ftp://ftp.datasus.gov.br/dissemin/publicos/ESUSNOTIFICA/DOCS/Dicionario_de_Dados_Doenca_de_Chagas_Cronica.pdf,Não auditada individualmente; rótulo local/menção textual não comprovam correspondência semântica.
ESUSNOTIFICA,t000_DCCRBR23,HOSP_ESP,,,,,,,ftp://ftp.datasus.gov.br/dissemin/publicos/ESUSNOTIFICA/DOCS/Dicionario_de_Dados_Doenca_de_Chagas_Cronica.pdf,Não auditada individualmente; rótulo local/menção textual não comprovam correspondência semântica.
ESUSNOTIFICA,t000_DCCRBR23,UF_HOSPESP,,,,,,,ftp://ftp.datasus.gov.br/dissemin/publicos/ESUSNOTIFICA/DOCS/Dicionario_de_Dados_Doenca_de_Chagas_Cronica.pdf,Não auditada individualmente; rótulo local/menção textual não comprovam correspondência semântica.
ESUSNOTIFICA,t000_DCCRBR23,MUN_ESP,,,,,,,ftp://ftp.datasus.gov.br/dissemin/publicos/ESUSNOTIFICA/DOCS/Dicionario_de_Dados_Doenca_de_Chagas_Cronica.pdf,Não auditada individualmente; rótulo local/menção textual não comprovam correspondência semântica.
ESUSNOTIFICA,t000_DCCRBR23,ELETROCARD,,,,,,,,Não auditada individualmente; rótulo local/menção textual não comprovam correspondência semântica.
ESUSNOTIFICA,t000_DCCRBR23,RX_TORAX,,,,,,,ftp://ftp.datasus.gov.br/dissemin/publicos/ESUSNOTIFICA/DOCS/Dicionario_de_Dados_Doenca_de_Chagas_Cronica.pdf,Não auditada individualmente; rótulo local/menção textual não comprovam correspondência semântica.
ESUSNOTIFICA,t000_DCCRBR23,RX_COLON,,,,,,,ftp://ftp.datasus.gov.br/dissemin/publicos/ESUSNOTIFICA/DOCS/Dicionario_de_Dados_Doenca_de_Chagas_Cronica.pdf,Não auditada individualmente; rótulo local/menção textual não comprovam correspondência semântica.
ESUSNOTIFICA,t000_DCCRBR23,RX_ESOFAGO,,,,,,,,Não auditada individualmente; rótulo local/menção textual não comprovam correspondência semântica.
ESUSNOTIFICA,t000_DCCRBR23,ECOCARDIO,,,,,,,ftp://ftp.datasus.gov.br/dissemin/publicos/ESUSNOTIFICA/DOCS/Dicionario_de_Dados_Doenca_de_Chagas_Cronica.pdf,Não auditada individualmente; rótulo local/menção textual não comprovam correspondência semântica.
ESUSNOTIFICA,t000_DCCRBR23,OUTRO_EXAM,,,,,,,,Não auditada individualmente; rótulo local/menção textual não comprovam correspondência semântica.
ESUSNOTIFICA,t000_DCCRBR23,EXAME_DESC,,,,,,,,Não auditada individualmente; rótulo local/menção textual não comprovam correspondência semântica.
ESUSNOTIFICA,t000_DCCRBR23,COMORBID,,,,,,,,Não auditada individualmente; rótulo local/menção textual não comprovam correspondência semântica.
ESUSNOTIFICA,t000_DCCRBR23,HIV,,,,,,,ftp://ftp.datasus.gov.br/dissemin/publicos/ESUSNOTIFICA/DOCS/Dicionario_de_Dados_Doenca_de_Chagas_Cronica.pdf,Não auditada individualmente; rótulo local/menção textual não comprovam correspondência semântica.
ESUSNOTIFICA,t000_DCCRBR23,HIPERTEN,,,,,,,ftp://ftp.datasus.gov.br/dissemin/publicos/ESUSNOTIFICA/DOCS/Dicionario_de_Dados_Doenca_de_Chagas_Cronica.pdf,Não auditada individualmente; rótulo local/menção textual não comprovam correspondência semântica.
ESUSNOTIFICA,t000_DCCRBR23,HEPATITE,,,,,,,ftp://ftp.datasus.gov.br/dissemin/publicos/ESUSNOTIFICA/DOCS/Dicionario_de_Dados_Doenca_de_Chagas_Cronica.pdf,Não auditada individualmente; rótulo local/menção textual não comprovam correspondência semântica.
ESUSNOTIFICA,t000_DCCRBR23,DIABETES,,,,,,,ftp://ftp.datasus.gov.br/dissemin/publicos/ESUSNOTIFICA/DOCS/Dicionario_de_Dados_Doenca_de_Chagas_Cronica.pdf,Não auditada individualmente; rótulo local/menção textual não comprovam correspondência semântica.
ESUSNOTIFICA,t000_DCCRBR23,CARDIOPAT,,,,,,,ftp://ftp.datasus.gov.br/dissemin/publicos/ESUSNOTIFICA/DOCS/Dicionario_de_Dados_Doenca_de_Chagas_Cronica.pdf,Não auditada individualmente; rótulo local/menção textual não comprovam correspondência semântica.
ESUSNOTIFICA,t000_DCCRBR23,NEOPLASIA,,,,,,,ftp://ftp.datasus.gov.br/dissemin/publicos/ESUSNOTIFICA/DOCS/Dicionario_de_Dados_Doenca_de_Chagas_Cronica.pdf,Não auditada individualmente; rótulo local/menção textual não comprovam correspondência semântica.
ESUSNOTIFICA,t000_DCCRBR23,LEISHMANIA,,,,,,,ftp://ftp.datasus.gov.br/dissemin/publicos/ESUSNOTIFICA/DOCS/Dicionario_de_Dados_Doenca_de_Chagas_Cronica.pdf,Não auditada individualmente; rótulo local/menção textual não comprovam correspondência semântica.
ESUSNOTIFICA,t000_DCCRBR23,OUT_COMORB,,,,,,,ftp://ftp.datasus.gov.br/dissemin/publicos/ESUSNOTIFICA/DOCS/Dicionario_de_Dados_Doenca_de_Chagas_Cronica.pdf,Não auditada individualmente; rótulo local/menção textual não comprovam correspondência semântica.
ESUSNOTIFICA,t000_DCCRBR23,FORMA,,,,,,,ftp://ftp.datasus.gov.br/dissemin/publicos/ESUSNOTIFICA/DOCS/Dicionario_de_Dados_Doenca_de_Chagas_Cronica.pdf,Não auditada individualmente; rótulo local/menção textual não comprovam correspondência semântica.
ESUSNOTIFICA,t000_DCCRBR23,REATIVACAO,,,,,,,ftp://ftp.datasus.gov.br/dissemin/publicos/ESUSNOTIFICA/DOCS/Dicionario_de_Dados_Doenca_de_Chagas_Cronica.pdf,Não auditada individualmente; rótulo local/menção textual não comprovam correspondência semântica.
ESUSNOTIFICA,t000_DCCRBR23,HIST_BNZ,,,,,,,ftp://ftp.datasus.gov.br/dissemin/publicos/ESUSNOTIFICA/DOCS/Dicionario_de_Dados_Doenca_de_Chagas_Cronica.pdf,Não auditada individualmente; rótulo local/menção textual não comprovam correspondência semântica.
ESUSNOTIFICA,t000_DCCRBR23,TRAT_BNZ,,,,,,,ftp://ftp.datasus.gov.br/dissemin/publicos/ESUSNOTIFICA/DOCS/Dicionario_de_Dados_Doenca_de_Chagas_Cronica.pdf,Não auditada individualmente; rótulo local/menção textual não comprovam correspondência semântica.
ESUSNOTIFICA,t000_DCCRBR23,BNZ_TOT_CP,,,,,,,ftp://ftp.datasus.gov.br/dissemin/publicos/ESUSNOTIFICA/DOCS/Dicionario_de_Dados_Doenca_de_Chagas_Cronica.pdf,Não auditada individualmente; rótulo local/menção textual não comprovam correspondência semântica.
ESUSNOTIFICA,t000_DCCRBR23,BNZ_DIAS,,,,,,,ftp://ftp.datasus.gov.br/dissemin/publicos/ESUSNOTIFICA/DOCS/Dicionario_de_Dados_Doenca_de_Chagas_Cronica.pdf,Não auditada individualmente; rótulo local/menção textual não comprovam correspondência semântica.
ESUSNOTIFICA,t000_DCCRBR23,TRAT_NFX,,,,,,,ftp://ftp.datasus.gov.br/dissemin/publicos/ESUSNOTIFICA/DOCS/Dicionario_de_Dados_Doenca_de_Chagas_Cronica.pdf,Não auditada individualmente; rótulo local/menção textual não comprovam correspondência semântica.
ESUSNOTIFICA,t000_DCCRBR23,NFX_TOT_CP,,,,,,,ftp://ftp.datasus.gov.br/dissemin/publicos/ESUSNOTIFICA/DOCS/Dicionario_de_Dados_Doenca_de_Chagas_Cronica.pdf,Não auditada individualmente; rótulo local/menção textual não comprovam correspondência semântica.
ESUSNOTIFICA,t000_DCCRBR23,NFX_DIAS,,,,,,,ftp://ftp.datasus.gov.br/dissemin/publicos/ESUSNOTIFICA/DOCS/Dicionario_de_Dados_Doenca_de_Chagas_Cronica.pdf,Não auditada individualmente; rótulo local/menção textual não comprovam correspondência semântica.
ESUSNOTIFICA,t000_DCCRBR23,ADVERS_BNZ,,,,,,,ftp://ftp.datasus.gov.br/dissemin/publicos/ESUSNOTIFICA/DOCS/Dicionario_de_Dados_Doenca_de_Chagas_Cronica.pdf,Não auditada individualmente; rótulo local/menção textual não comprovam correspondência semântica.
ESUSNOTIFICA,t000_DCCRBR23,BNZ_LEVE,,,,,,,ftp://ftp.datasus.gov.br/dissemin/publicos/ESUSNOTIFICA/DOCS/Dicionario_de_Dados_Doenca_de_Chagas_Cronica.pdf,Não auditada individualmente; rótulo local/menção textual não comprovam correspondência semântica.
ESUSNOTIFICA,t000_DCCRBR23,BNZ_GRAVE,,,,,,,ftp://ftp.datasus.gov.br/dissemin/publicos/ESUSNOTIFICA/DOCS/Dicionario_de_Dados_Doenca_de_Chagas_Cronica.pdf,Não auditada individualmente; rótulo local/menção textual não comprovam correspondência semântica.
ESUSNOTIFICA,t000_DCCRBR23,BNZ_AUGESI,,,,,,,ftp://ftp.datasus.gov.br/dissemin/publicos/ESUSNOTIFICA/DOCS/Dicionario_de_Dados_Doenca_de_Chagas_Cronica.pdf,Não auditada individualmente; rótulo local/menção textual não comprovam correspondência semântica.
ESUSNOTIFICA,t000_DCCRBR23,BNZ_PAREST,,,,,,,ftp://ftp.datasus.gov.br/dissemin/publicos/ESUSNOTIFICA/DOCS/Dicionario_de_Dados_Doenca_de_Chagas_Cronica.pdf,Não auditada individualmente; rótulo local/menção textual não comprovam correspondência semântica.
ESUSNOTIFICA,t000_DCCRBR23,BNZ_DEPRE,,,,,,,ftp://ftp.datasus.gov.br/dissemin/publicos/ESUSNOTIFICA/DOCS/Dicionario_de_Dados_Doenca_de_Chagas_Cronica.pdf,Não auditada individualmente; rótulo local/menção textual não comprovam correspondência semântica.
ESUSNOTIFICA,t000_DCCRBR23,BNZ_GASTRO,,,,,,,ftp://ftp.datasus.gov.br/dissemin/publicos/ESUSNOTIFICA/DOCS/Dicionario_de_Dados_Doenca_de_Chagas_Cronica.pdf,Não auditada individualmente; rótulo local/menção textual não comprovam correspondência semântica.
ESUSNOTIFICA,t000_DCCRBR23,BNZ_ARTRAL,,,,,,,ftp://ftp.datasus.gov.br/dissemin/publicos/ESUSNOTIFICA/DOCS/Dicionario_de_Dados_Doenca_de_Chagas_Cronica.pdf,Não auditada individualmente; rótulo local/menção textual não comprovam correspondência semântica.
ESUSNOTIFICA,t000_DCCRBR23,REAC_BNZ,,,,,,,ftp://ftp.datasus.gov.br/dissemin/publicos/ESUSNOTIFICA/DOCS/Dicionario_de_Dados_Doenca_de_Chagas_Cronica.pdf,Não auditada individualmente; rótulo local/menção textual não comprovam correspondência semântica.
ESUSNOTIFICA,t000_DCCRBR23,BNZ_OUTRAS,,,,,,,,Não auditada individualmente; rótulo local/menção textual não comprovam correspondência semântica.
ESUSNOTIFICA,t000_DCCRBR23,ADVERS_NFX,,,,,,,ftp://ftp.datasus.gov.br/dissemin/publicos/ESUSNOTIFICA/DOCS/Dicionario_de_Dados_Doenca_de_Chagas_Cronica.pdf,Não auditada individualmente; rótulo local/menção textual não comprovam correspondência semântica.
ESUSNOTIFICA,t000_DCCRBR23,NFX_LEVE,,,,,,,ftp://ftp.datasus.gov.br/dissemin/publicos/ESUSNOTIFICA/DOCS/Dicionario_de_Dados_Doenca_de_Chagas_Cronica.pdf,Não auditada individualmente; rótulo local/menção textual não comprovam correspondência semântica.
ESUSNOTIFICA,t000_DCCRBR23,NFX_GRAVE,,,,,,,ftp://ftp.datasus.gov.br/dissemin/publicos/ESUSNOTIFICA/DOCS/Dicionario_de_Dados_Doenca_de_Chagas_Cronica.pdf,Não auditada individualmente; rótulo local/menção textual não comprovam correspondência semântica.
ESUSNOTIFICA,t000_DCCRBR23,NFX_AGEUSI,,,,,,,ftp://ftp.datasus.gov.br/dissemin/publicos/ESUSNOTIFICA/DOCS/Dicionario_de_Dados_Doenca_de_Chagas_Cronica.pdf,Não auditada individualmente; rótulo local/menção textual não comprovam correspondência semântica.
ESUSNOTIFICA,t000_DCCRBR23,NFX_PAREST,,,,,,,ftp://ftp.datasus.gov.br/dissemin/publicos/ESUSNOTIFICA/DOCS/Dicionario_de_Dados_Doenca_de_Chagas_Cronica.pdf,Não auditada individualmente; rótulo local/menção textual não comprovam correspondência semântica.
ESUSNOTIFICA,t000_DCCRBR23,NFX_MEDULA,,,,,,,ftp://ftp.datasus.gov.br/dissemin/publicos/ESUSNOTIFICA/DOCS/Dicionario_de_Dados_Doenca_de_Chagas_Cronica.pdf,Não auditada individualmente; rótulo local/menção textual não comprovam correspondência semântica.
ESUSNOTIFICA,t000_DCCRBR23,NFX_GASTRO,,,,,,,ftp://ftp.datasus.gov.br/dissemin/publicos/ESUSNOTIFICA/DOCS/Dicionario_de_Dados_Doenca_de_Chagas_Cronica.pdf,Não auditada individualmente; rótulo local/menção textual não comprovam correspondência semântica.
ESUSNOTIFICA,t000_DCCRBR23,NFX_ARTRAL,,,,,,,ftp://ftp.datasus.gov.br/dissemin/publicos/ESUSNOTIFICA/DOCS/Dicionario_de_Dados_Doenca_de_Chagas_Cronica.pdf,Não auditada individualmente; rótulo local/menção textual não comprovam correspondência semântica.
ESUSNOTIFICA,t000_DCCRBR23,REAC_NFX,,,,,,,ftp://ftp.datasus.gov.br/dissemin/publicos/ESUSNOTIFICA/DOCS/Dicionario_de_Dados_Doenca_de_Chagas_Cronica.pdf,Não auditada individualmente; rótulo local/menção textual não comprovam correspondência semântica.
ESUSNOTIFICA,t000_DCCRBR23,NFX_OUTRAS,,,,,,,ftp://ftp.datasus.gov.br/dissemin/publicos/ESUSNOTIFICA/DOCS/Dicionario_de_Dados_Doenca_de_Chagas_Cronica.pdf,Não auditada individualmente; rótulo local/menção textual não comprovam correspondência semântica.
ESUSNOTIFICA,t000_DCCRBR23,HIST_EPID,,,,,,,,Não auditada individualmente; rótulo local/menção textual não comprovam correspondência semântica.
ESUSNOTIFICA,t000_DCCRBR23,BUSCAATIVA,,,,,,,,Não auditada individualmente; rótulo local/menção textual não comprovam correspondência semântica.
ESUSNOTIFICA,t000_DCCRBR23,DIAG_FAMIL,,,,,,,ftp://ftp.datasus.gov.br/dissemin/publicos/ESUSNOTIFICA/DOCS/Dicionario_de_Dados_Doenca_de_Chagas_Cronica.pdf,Não auditada individualmente; rótulo local/menção textual não comprovam correspondência semântica.
ESUSNOTIFICA,t000_DCCRBR23,EXAM_FAMIL,,,,,,,,Não auditada individualmente; rótulo local/menção textual não comprovam correspondência semântica.
ESUSNOTIFICA,t000_DCCRBR23,CONF_FAMIL,,,,,,,,Não auditada individualmente; rótulo local/menção textual não comprovam correspondência semântica.
ESUSNOTIFICA,t000_DCCRBR23,TF_RESIDEN,,,,,,,ftp://ftp.datasus.gov.br/dissemin/publicos/ESUSNOTIFICA/DOCS/Dicionario_de_Dados_Doenca_de_Chagas_Cronica.pdf,Não auditada individualmente; rótulo local/menção textual não comprovam correspondência semântica.
ESUSNOTIFICA,t000_DCCRBR23,UF_RESI_TF,,,,,,,ftp://ftp.datasus.gov.br/dissemin/publicos/ESUSNOTIFICA/DOCS/Dicionario_de_Dados_Doenca_de_Chagas_Cronica.pdf,Não auditada individualmente; rótulo local/menção textual não comprovam correspondência semântica.
ESUSNOTIFICA,t000_DCCRBR23,MN_RESI_TF,,,,,,,ftp://ftp.datasus.gov.br/dissemin/publicos/ESUSNOTIFICA/DOCS/Dicionario_de_Dados_Doenca_de_Chagas_Cronica.pdf,Não auditada individualmente; rótulo local/menção textual não comprovam correspondência semântica.
ESUSNOTIFICA,t000_DCCRBR23,MUD_UBS_AC,,,,,,,ftp://ftp.datasus.gov.br/dissemin/publicos/ESUSNOTIFICA/DOCS/Dicionario_de_Dados_Doenca_de_Chagas_Cronica.pdf,Não auditada individualmente; rótulo local/menção textual não comprovam correspondência semântica.
ESUSNOTIFICA,t000_DCCRBR23,UF_NOV_AC,,,,,,,ftp://ftp.datasus.gov.br/dissemin/publicos/ESUSNOTIFICA/DOCS/Dicionario_de_Dados_Doenca_de_Chagas_Cronica.pdf,Não auditada individualmente; rótulo local/menção textual não comprovam correspondência semântica.
ESUSNOTIFICA,t000_DCCRBR23,MUN_NOV_AC,,,,,,,ftp://ftp.datasus.gov.br/dissemin/publicos/ESUSNOTIFICA/DOCS/Dicionario_de_Dados_Doenca_de_Chagas_Cronica.pdf,Não auditada individualmente; rótulo local/menção textual não comprovam correspondência semântica.
ESUSNOTIFICA,t000_DCCRBR23,NOVO_ESPEC,,,,,,,,Não auditada individualmente; rótulo local/menção textual não comprovam correspondência semântica.
ESUSNOTIFICA,t000_DCCRBR23,ANT_UF_ESP,,,,,,,ftp://ftp.datasus.gov.br/dissemin/publicos/ESUSNOTIFICA/DOCS/Dicionario_de_Dados_Doenca_de_Chagas_Cronica.pdf,Não auditada individualmente; rótulo local/menção textual não comprovam correspondência semântica.
ESUSNOTIFICA,t000_DCCRBR23,ANT_MUN,,,,,,,ftp://ftp.datasus.gov.br/dissemin/publicos/ESUSNOTIFICA/DOCS/Dicionario_de_Dados_Doenca_de_Chagas_Cronica.pdf,Não auditada individualmente; rótulo local/menção textual não comprovam correspondência semântica.
ESUSNOTIFICA,t000_DCCRBR23,ST_ENCERRA,,,,,,,,Não auditada individualmente; rótulo local/menção textual não comprovam correspondência semântica.
ESUSNOTIFICA,t000_DCCRBR23,DT_OBITO,,,,,,,ftp://ftp.datasus.gov.br/dissemin/publicos/ESUSNOTIFICA/DOCS/Dicionario_de_Dados_Doenca_de_Chagas_Cronica.pdf,Não auditada individualmente; rótulo local/menção textual não comprovam correspondência semântica.
ESUSNOTIFICA,t000_DCCRBR23,DT_ENCERRA,,,,,,,,Não auditada individualmente; rótulo local/menção textual não comprovam correspondência semântica.
ESUSNOTIFICA,t000_DCCRBR23,SITUACAO,,,,,,,ftp://ftp.datasus.gov.br/dissemin/publicos/ESUSNOTIFICA/DOCS/Dicionario_de_Dados_Doenca_de_Chagas_Cronica.pdf,Não auditada individualmente; rótulo local/menção textual não comprovam correspondência semântica.
ESUSNOTIFICA,t000_DCCRBR23,DT_CRIACAO,,,,,,,,Não auditada individualmente; rótulo local/menção textual não comprovam correspondência semântica.
ESUSNOTIFICA,t000_DCCRBR23,DT_DIGITAC,,,,,,,,Não auditada individualmente; rótulo local/menção textual não comprovam correspondência semântica.
ESUSNOTIFICA,t000_DCCRBR23,LAB_CNES,,,,,,,,Não auditada individualmente; rótulo local/menção textual não comprovam correspondência semântica.
ESUSNOTIFICA,t000_DCCRBR23,CNES,,,,,,,,Não auditada individualmente; rótulo local/menção textual não comprovam correspondência semântica.
ESUSNOTIFICA,t000_DCCRBR23,CD_MUNICIP,,,,,,,ftp://ftp.datasus.gov.br/dissemin/publicos/ESUSNOTIFICA/DOCS/Dicionario_de_Dados_Doenca_de_Chagas_Cronica.pdf,Não auditada individualmente; rótulo local/menção textual não comprovam correspondência semântica.
ESUSNOTIFICA,t000_DCCRBR23,CD_MN_RESI,,,,,,,ftp://ftp.datasus.gov.br/dissemin/publicos/ESUSNOTIFICA/DOCS/Dicionario_de_Dados_Doenca_de_Chagas_Cronica.pdf,Não auditada individualmente; rótulo local/menção textual não comprovam correspondência semântica.
ESUSNOTIFICA,t000_DCCRBR23,CD_MUN_NAS,,,,,,,,Não auditada individualmente; rótulo local/menção textual não comprovam correspondência semântica.
ESUSNOTIFICA,t000_DCCRBR23,CD_COMUNIN,,,,,,,ftp://ftp.datasus.gov.br/dissemin/publicos/ESUSNOTIFICA/DOCS/Dicionario_de_Dados_Doenca_de_Chagas_Cronica.pdf,Não auditada individualmente; rótulo local/menção textual não comprovam correspondência semântica.
ESUSNOTIFICA,t000_DCCRBR23,CD_MUN_UBS,,,,,,,ftp://ftp.datasus.gov.br/dissemin/publicos/ESUSNOTIFICA/DOCS/Dicionario_de_Dados_Doenca_de_Chagas_Cronica.pdf,Não auditada individualmente; rótulo local/menção textual não comprovam correspondência semântica.
ESUSNOTIFICA,t000_DCCRBR23,CD_MUN_ESP,,,,,,,ftp://ftp.datasus.gov.br/dissemin/publicos/ESUSNOTIFICA/DOCS/Dicionario_de_Dados_Doenca_de_Chagas_Cronica.pdf,Não auditada individualmente; rótulo local/menção textual não comprovam correspondência semântica.
ESUSNOTIFICA,t000_DCCRBR23,CD_MN_RES0,,,,,,,,Não auditada individualmente; rótulo local/menção textual não comprovam correspondência semântica.
ESUSNOTIFICA,t000_DCCRBR23,CD_MUN_NOV,,,,,,,,Não auditada individualmente; rótulo local/menção textual não comprovam correspondência semântica.
ESUSNOTIFICA,t000_DCCRBR23,CD_ANT_MUN,,,,,,,ftp://ftp.datasus.gov.br/dissemin/publicos/ESUSNOTIFICA/DOCS/Dicionario_de_Dados_Doenca_de_Chagas_Cronica.pdf,Não auditada individualmente; rótulo local/menção textual não comprovam correspondência semântica.
ESUSNOTIFICA,t000_DCCRBR23,ANO_NASC,,,,,,,,Não auditada individualmente; rótulo local/menção textual não comprovam correspondência semântica.
IBGE,t000_POPTRN23,MUNIC_RES,,,,,,,,Não auditada individualmente; rótulo local/menção textual não comprovam correspondência semântica.
IBGE,t000_POPTRN23,ANO,,,,,,,ftp://ftp.datasus.gov.br/dissemin/publicos/IBGE/DOC/Pop_Residente_TCU_ate_2023.pdf,Não auditada individualmente; rótulo local/menção textual não comprovam correspondência semântica.
IBGE,t000_POPTRN23,POPULACAO,,,,,,,,Não auditada individualmente; rótulo local/menção textual não comprovam correspondência semântica.
IBGE,t001_POPTRO23,MUNIC_RES,,,,,,,,Não auditada individualmente; rótulo local/menção textual não comprovam correspondência semântica.
IBGE,t001_POPTRO23,ANO,,,,,,,ftp://ftp.datasus.gov.br/dissemin/publicos/IBGE/DOC/Pop_Residente_TCU_ate_2023.pdf,Não auditada individualmente; rótulo local/menção textual não comprovam correspondência semântica.
IBGE,t001_POPTRO23,POPULACAO,,,,,,,,Não auditada individualmente; rótulo local/menção textual não comprovam correspondência semântica.
IBGE,t002_POPTRR23,MUNIC_RES,,,,,,,,Não auditada individualmente; rótulo local/menção textual não comprovam correspondência semântica.
IBGE,t002_POPTRR23,ANO,,,,,,,ftp://ftp.datasus.gov.br/dissemin/publicos/IBGE/DOC/Pop_Residente_TCU_ate_2023.pdf,Não auditada individualmente; rótulo local/menção textual não comprovam correspondência semântica.
IBGE,t002_POPTRR23,POPULACAO,,,,,,,,Não auditada individualmente; rótulo local/menção textual não comprovam correspondência semântica.
IBGE,t003_POPTRS23,MUNIC_RES,,,,,,,,Não auditada individualmente; rótulo local/menção textual não comprovam correspondência semântica.
IBGE,t003_POPTRS23,ANO,,,,,,,ftp://ftp.datasus.gov.br/dissemin/publicos/IBGE/DOC/Pop_Residente_TCU_ate_2023.pdf,Não auditada individualmente; rótulo local/menção textual não comprovam correspondência semântica.
IBGE,t003_POPTRS23,POPULACAO,,,,,,,,Não auditada individualmente; rótulo local/menção textual não comprovam correspondência semântica.
IBGE,t004_POPTSC23,MUNIC_RES,,,,,,,,Não auditada individualmente; rótulo local/menção textual não comprovam correspondência semântica.
IBGE,t004_POPTSC23,ANO,,,,,,,ftp://ftp.datasus.gov.br/dissemin/publicos/IBGE/DOC/Pop_Residente_TCU_ate_2023.pdf,Não auditada individualmente; rótulo local/menção textual não comprovam correspondência semântica.
IBGE,t004_POPTSC23,POPULACAO,,,,,,,,Não auditada individualmente; rótulo local/menção textual não comprovam correspondência semântica.
IBGE,t005_POPTSE23,MUNIC_RES,,,,,,,,Não auditada individualmente; rótulo local/menção textual não comprovam correspondência semântica.
IBGE,t005_POPTSE23,ANO,,,,,,,ftp://ftp.datasus.gov.br/dissemin/publicos/IBGE/DOC/Pop_Residente_TCU_ate_2023.pdf,Não auditada individualmente; rótulo local/menção textual não comprovam correspondência semântica.
IBGE,t005_POPTSE23,POPULACAO,,,,,,,,Não auditada individualmente; rótulo local/menção textual não comprovam correspondência semântica.
IBGE,t006_POPTSP23,MUNIC_RES,,,,,,,,Não auditada individualmente; rótulo local/menção textual não comprovam correspondência semântica.
IBGE,t006_POPTSP23,ANO,,,,,,,ftp://ftp.datasus.gov.br/dissemin/publicos/IBGE/DOC/Pop_Residente_TCU_ate_2023.pdf,Não auditada individualmente; rótulo local/menção textual não comprovam correspondência semântica.
IBGE,t006_POPTSP23,POPULACAO,,,,,,,,Não auditada individualmente; rótulo local/menção textual não comprovam correspondência semântica.
IBGE,t007_POPTTO23,MUNIC_RES,,,,,,,,Não auditada individualmente; rótulo local/menção textual não comprovam correspondência semântica.
IBGE,t007_POPTTO23,ANO,,,,,,,ftp://ftp.datasus.gov.br/dissemin/publicos/IBGE/DOC/Pop_Residente_TCU_ate_2023.pdf,Não auditada individualmente; rótulo local/menção textual não comprovam correspondência semântica.
IBGE,t007_POPTTO23,POPULACAO,,,,,,,,Não auditada individualmente; rótulo local/menção textual não comprovam correspondência semântica.
IBGE,t008_POPTAC23,MUNIC_RES,,,,,,,,Não auditada individualmente; rótulo local/menção textual não comprovam correspondência semântica.
IBGE,t008_POPTAC23,ANO,,,,,,,ftp://ftp.datasus.gov.br/dissemin/publicos/IBGE/DOC/Pop_Residente_TCU_ate_2023.pdf,Não auditada individualmente; rótulo local/menção textual não comprovam correspondência semântica.
IBGE,t008_POPTAC23,POPULACAO,,,,,,,,Não auditada individualmente; rótulo local/menção textual não comprovam correspondência semântica.
IBGE,t009_POPTAL23,MUNIC_RES,,,,,,,,Não auditada individualmente; rótulo local/menção textual não comprovam correspondência semântica.
IBGE,t009_POPTAL23,ANO,,,,,,,ftp://ftp.datasus.gov.br/dissemin/publicos/IBGE/DOC/Pop_Residente_TCU_ate_2023.pdf,Não auditada individualmente; rótulo local/menção textual não comprovam correspondência semântica.
IBGE,t009_POPTAL23,POPULACAO,,,,,,,,Não auditada individualmente; rótulo local/menção textual não comprovam correspondência semântica.
IBGE,t010_POPTAM23,MUNIC_RES,,,,,,,,Não auditada individualmente; rótulo local/menção textual não comprovam correspondência semântica.
IBGE,t010_POPTAM23,ANO,,,,,,,ftp://ftp.datasus.gov.br/dissemin/publicos/IBGE/DOC/Pop_Residente_TCU_ate_2023.pdf,Não auditada individualmente; rótulo local/menção textual não comprovam correspondência semântica.
IBGE,t010_POPTAM23,POPULACAO,,,,,,,,Não auditada individualmente; rótulo local/menção textual não comprovam correspondência semântica.
IBGE,t011_POPTAP23,MUNIC_RES,,,,,,,,Não auditada individualmente; rótulo local/menção textual não comprovam correspondência semântica.
IBGE,t011_POPTAP23,ANO,,,,,,,ftp://ftp.datasus.gov.br/dissemin/publicos/IBGE/DOC/Pop_Residente_TCU_ate_2023.pdf,Não auditada individualmente; rótulo local/menção textual não comprovam correspondência semântica.
IBGE,t011_POPTAP23,POPULACAO,,,,,,,,Não auditada individualmente; rótulo local/menção textual não comprovam correspondência semântica.
IBGE,t012_POPTBA23,MUNIC_RES,,,,,,,,Não auditada individualmente; rótulo local/menção textual não comprovam correspondência semântica.
IBGE,t012_POPTBA23,ANO,,,,,,,ftp://ftp.datasus.gov.br/dissemin/publicos/IBGE/DOC/Pop_Residente_TCU_ate_2023.pdf,Não auditada individualmente; rótulo local/menção textual não comprovam correspondência semântica.
IBGE,t012_POPTBA23,POPULACAO,,,,,,,,Não auditada individualmente; rótulo local/menção textual não comprovam correspondência semântica.
IBGE,t013_POPTBR23,MUNIC_RES,,,,,,,,Não auditada individualmente; rótulo local/menção textual não comprovam correspondência semântica.
IBGE,t013_POPTBR23,ANO,,,,,,,ftp://ftp.datasus.gov.br/dissemin/publicos/IBGE/DOC/Pop_Residente_TCU_ate_2023.pdf,Não auditada individualmente; rótulo local/menção textual não comprovam correspondência semântica.
IBGE,t013_POPTBR23,POPULACAO,,,,,,,,Não auditada individualmente; rótulo local/menção textual não comprovam correspondência semântica.
IBGE,t014_POPTCE23,MUNIC_RES,,,,,,,,Não auditada individualmente; rótulo local/menção textual não comprovam correspondência semântica.
IBGE,t014_POPTCE23,ANO,,,,,,,ftp://ftp.datasus.gov.br/dissemin/publicos/IBGE/DOC/Pop_Residente_TCU_ate_2023.pdf,Não auditada individualmente; rótulo local/menção textual não comprovam correspondência semântica.
IBGE,t014_POPTCE23,POPULACAO,,,,,,,,Não auditada individualmente; rótulo local/menção textual não comprovam correspondência semântica.
IBGE,t015_POPTDF23,MUNIC_RES,,,,,,,,Não auditada individualmente; rótulo local/menção textual não comprovam correspondência semântica.
IBGE,t015_POPTDF23,ANO,,,,,,,ftp://ftp.datasus.gov.br/dissemin/publicos/IBGE/DOC/Pop_Residente_TCU_ate_2023.pdf,Não auditada individualmente; rótulo local/menção textual não comprovam correspondência semântica.
IBGE,t015_POPTDF23,POPULACAO,,,,,,,,Não auditada individualmente; rótulo local/menção textual não comprovam correspondência semântica.
IBGE,t016_POPTES23,MUNIC_RES,,,,,,,,Não auditada individualmente; rótulo local/menção textual não comprovam correspondência semântica.
IBGE,t016_POPTES23,ANO,,,,,,,ftp://ftp.datasus.gov.br/dissemin/publicos/IBGE/DOC/Pop_Residente_TCU_ate_2023.pdf,Não auditada individualmente; rótulo local/menção textual não comprovam correspondência semântica.
IBGE,t016_POPTES23,POPULACAO,,,,,,,,Não auditada individualmente; rótulo local/menção textual não comprovam correspondência semântica.
IBGE,t017_POPTGO23,MUNIC_RES,,,,,,,,Não auditada individualmente; rótulo local/menção textual não comprovam correspondência semântica.
IBGE,t017_POPTGO23,ANO,,,,,,,ftp://ftp.datasus.gov.br/dissemin/publicos/IBGE/DOC/Pop_Residente_TCU_ate_2023.pdf,Não auditada individualmente; rótulo local/menção textual não comprovam correspondência semântica.
IBGE,t017_POPTGO23,POPULACAO,,,,,,,,Não auditada individualmente; rótulo local/menção textual não comprovam correspondência semântica.
IBGE,t018_POPTMA23,MUNIC_RES,,,,,,,,Não auditada individualmente; rótulo local/menção textual não comprovam correspondência semântica.
IBGE,t018_POPTMA23,ANO,,,,,,,ftp://ftp.datasus.gov.br/dissemin/publicos/IBGE/DOC/Pop_Residente_TCU_ate_2023.pdf,Não auditada individualmente; rótulo local/menção textual não comprovam correspondência semântica.
IBGE,t018_POPTMA23,POPULACAO,,,,,,,,Não auditada individualmente; rótulo local/menção textual não comprovam correspondência semântica.
IBGE,t019_POPTMG23,MUNIC_RES,,,,,,,,Não auditada individualmente; rótulo local/menção textual não comprovam correspondência semântica.
IBGE,t019_POPTMG23,ANO,,,,,,,ftp://ftp.datasus.gov.br/dissemin/publicos/IBGE/DOC/Pop_Residente_TCU_ate_2023.pdf,Não auditada individualmente; rótulo local/menção textual não comprovam correspondência semântica.
IBGE,t019_POPTMG23,POPULACAO,,,,,,,,Não auditada individualmente; rótulo local/menção textual não comprovam correspondência semântica.
IBGE,t020_POPTMS23,MUNIC_RES,,,,,,,,Não auditada individualmente; rótulo local/menção textual não comprovam correspondência semântica.
IBGE,t020_POPTMS23,ANO,,,,,,,ftp://ftp.datasus.gov.br/dissemin/publicos/IBGE/DOC/Pop_Residente_TCU_ate_2023.pdf,Não auditada individualmente; rótulo local/menção textual não comprovam correspondência semântica.
IBGE,t020_POPTMS23,POPULACAO,,,,,,,,Não auditada individualmente; rótulo local/menção textual não comprovam correspondência semântica.
IBGE,t021_POPTMT23,MUNIC_RES,,,,,,,,Não auditada individualmente; rótulo local/menção textual não comprovam correspondência semântica.
IBGE,t021_POPTMT23,ANO,,,,,,,ftp://ftp.datasus.gov.br/dissemin/publicos/IBGE/DOC/Pop_Residente_TCU_ate_2023.pdf,Não auditada individualmente; rótulo local/menção textual não comprovam correspondência semântica.
IBGE,t021_POPTMT23,POPULACAO,,,,,,,,Não auditada individualmente; rótulo local/menção textual não comprovam correspondência semântica.
IBGE,t022_POPTPA23,MUNIC_RES,,,,,,,,Não auditada individualmente; rótulo local/menção textual não comprovam correspondência semântica.
IBGE,t022_POPTPA23,ANO,,,,,,,ftp://ftp.datasus.gov.br/dissemin/publicos/IBGE/DOC/Pop_Residente_TCU_ate_2023.pdf,Não auditada individualmente; rótulo local/menção textual não comprovam correspondência semântica.
IBGE,t022_POPTPA23,POPULACAO,,,,,,,,Não auditada individualmente; rótulo local/menção textual não comprovam correspondência semântica.
IBGE,t023_POPTPB23,MUNIC_RES,,,,,,,,Não auditada individualmente; rótulo local/menção textual não comprovam correspondência semântica.
IBGE,t023_POPTPB23,ANO,,,,,,,ftp://ftp.datasus.gov.br/dissemin/publicos/IBGE/DOC/Pop_Residente_TCU_ate_2023.pdf,Não auditada individualmente; rótulo local/menção textual não comprovam correspondência semântica.
IBGE,t023_POPTPB23,POPULACAO,,,,,,,,Não auditada individualmente; rótulo local/menção textual não comprovam correspondência semântica.
IBGE,t024_POPTPE23,MUNIC_RES,,,,,,,,Não auditada individualmente; rótulo local/menção textual não comprovam correspondência semântica.
IBGE,t024_POPTPE23,ANO,,,,,,,ftp://ftp.datasus.gov.br/dissemin/publicos/IBGE/DOC/Pop_Residente_TCU_ate_2023.pdf,Não auditada individualmente; rótulo local/menção textual não comprovam correspondência semântica.
IBGE,t024_POPTPE23,POPULACAO,,,,,,,,Não auditada individualmente; rótulo local/menção textual não comprovam correspondência semântica.
IBGE,t025_POPTPI23,MUNIC_RES,,,,,,,,Não auditada individualmente; rótulo local/menção textual não comprovam correspondência semântica.
IBGE,t025_POPTPI23,ANO,,,,,,,ftp://ftp.datasus.gov.br/dissemin/publicos/IBGE/DOC/Pop_Residente_TCU_ate_2023.pdf,Não auditada individualmente; rótulo local/menção textual não comprovam correspondência semântica.
IBGE,t025_POPTPI23,POPULACAO,,,,,,,,Não auditada individualmente; rótulo local/menção textual não comprovam correspondência semântica.
IBGE,t026_POPTPR23,MUNIC_RES,,,,,,,,Não auditada individualmente; rótulo local/menção textual não comprovam correspondência semântica.
IBGE,t026_POPTPR23,ANO,,,,,,,ftp://ftp.datasus.gov.br/dissemin/publicos/IBGE/DOC/Pop_Residente_TCU_ate_2023.pdf,Não auditada individualmente; rótulo local/menção textual não comprovam correspondência semântica.
IBGE,t026_POPTPR23,POPULACAO,,,,,,,,Não auditada individualmente; rótulo local/menção textual não comprovam correspondência semântica.
IBGE,t027_POPTRJ23,MUNIC_RES,,,,,,,,Não auditada individualmente; rótulo local/menção textual não comprovam correspondência semântica.
IBGE,t027_POPTRJ23,ANO,,,,,,,ftp://ftp.datasus.gov.br/dissemin/publicos/IBGE/DOC/Pop_Residente_TCU_ate_2023.pdf,Não auditada individualmente; rótulo local/menção textual não comprovam correspondência semântica.
IBGE,t027_POPTRJ23,POPULACAO,,,,,,,,Não auditada individualmente; rótulo local/menção textual não comprovam correspondência semântica.
PCE,t000_PCEAL23,ID_UF,,,,,,,ftp://ftp.datasus.gov.br/dissemin/publicos/PCE/DOCS/DIC_DADOS_SISPCE_PCE-DG.pdf,Não auditada individualmente; rótulo local/menção textual não comprovam correspondência semântica.
PCE,t000_PCEAL23,SG_UF,,,,,,,ftp://ftp.datasus.gov.br/dissemin/publicos/PCE/DOCS/DIC_DADOS_SISPCE_PCE-DG.pdf,Não auditada individualmente; rótulo local/menção textual não comprovam correspondência semântica.
PCE,t000_PCEAL23,ID_LOC,,,,,,,ftp://ftp.datasus.gov.br/dissemin/publicos/PCE/DOCS/DIC_DADOS_SISPCE_PCE-DG.pdf,Não auditada individualmente; rótulo local/menção textual não comprovam correspondência semântica.
PCE,t000_PCEAL23,DT_COMP,,,,,,,ftp://ftp.datasus.gov.br/dissemin/publicos/PCE/DOCS/DIC_DADOS_SISPCE_PCE-DG.pdf,Não auditada individualmente; rótulo local/menção textual não comprovam correspondência semântica.
PCE,t000_PCEAL23,QT_POP,,,,,,,ftp://ftp.datasus.gov.br/dissemin/publicos/PCE/DOCS/DIC_DADOS_SISPCE_PCE-DG.pdf,Não auditada individualmente; rótulo local/menção textual não comprovam correspondência semântica.
PCE,t000_PCEAL23,QT_PRED,,,,,,,ftp://ftp.datasus.gov.br/dissemin/publicos/PCE/DOCS/DIC_DADOS_SISPCE_PCE-DG.pdf,Não auditada individualmente; rótulo local/menção textual não comprovam correspondência semântica.
PCE,t000_PCEAL23,QT_EXAM,,,,,,,ftp://ftp.datasus.gov.br/dissemin/publicos/PCE/DOCS/DIC_DADOS_SISPCE_PCE-DG.pdf,Não auditada individualmente; rótulo local/menção textual não comprovam correspondência semântica.
PCE,t000_PCEAL23,QT_NRECOL,,,,,,,ftp://ftp.datasus.gov.br/dissemin/publicos/PCE/DOCS/DIC_DADOS_SISPCE_PCE-DG.pdf,Não auditada individualmente; rótulo local/menção textual não comprovam correspondência semântica.
PCE,t000_PCEAL23,QT_1A4,,,,,,,ftp://ftp.datasus.gov.br/dissemin/publicos/PCE/DOCS/DIC_DADOS_SISPCE_PCE-DG.pdf,Não auditada individualmente; rótulo local/menção textual não comprovam correspondência semântica.
PCE,t000_PCEAL23,QT_5A16,,,,,,,ftp://ftp.datasus.gov.br/dissemin/publicos/PCE/DOCS/DIC_DADOS_SISPCE_PCE-DG.pdf,Não auditada individualmente; rótulo local/menção textual não comprovam correspondência semântica.
PCE,t000_PCEAL23,QT_17,,,,,,,ftp://ftp.datasus.gov.br/dissemin/publicos/PCE/DOCS/DIC_DADOS_SISPCE_PCE-DG.pdf,Não auditada individualmente; rótulo local/menção textual não comprovam correspondência semântica.
PCE,t000_PCEAL23,QT_POS,,,,,,,ftp://ftp.datasus.gov.br/dissemin/publicos/PCE/DOCS/DIC_DADOS_SISPCE_PCE-DG.pdf,Não auditada individualmente; rótulo local/menção textual não comprovam correspondência semântica.
PCE,t000_PCEAL23,QT_ATRAT,,,,,,,ftp://ftp.datasus.gov.br/dissemin/publicos/PCE/DOCS/DIC_DADOS_SISPCE_PCE-DG.pdf,Não auditada individualmente; rótulo local/menção textual não comprovam correspondência semântica.
PCE,t000_PCEAL23,QT_TRAT,,,,,,,ftp://ftp.datasus.gov.br/dissemin/publicos/PCE/DOCS/DIC_DADOS_SISPCE_PCE-DG.pdf,Não auditada individualmente; rótulo local/menção textual não comprovam correspondência semântica.
PCE,t000_PCEAL23,QT_CI,,,,,,,ftp://ftp.datasus.gov.br/dissemin/publicos/PCE/DOCS/DIC_DADOS_SISPCE_PCE-DG.pdf,Não auditada individualmente; rótulo local/menção textual não comprovam correspondência semântica.
PCE,t000_PCEAL23,QT_REC,,,,,,,ftp://ftp.datasus.gov.br/dissemin/publicos/PCE/DOCS/DIC_DADOS_SISPCE_PCE-DG.pdf,Não auditada individualmente; rótulo local/menção textual não comprovam correspondência semântica.
PCE,t000_PCEAL23,QT_AUS,,,,,,,ftp://ftp.datasus.gov.br/dissemin/publicos/PCE/DOCS/DIC_DADOS_SISPCE_PCE-DG.pdf,Não auditada individualmente; rótulo local/menção textual não comprovam correspondência semântica.
PCE,t000_PCEAL23,QT_ASC,,,,,,,ftp://ftp.datasus.gov.br/dissemin/publicos/PCE/DOCS/DIC_DADOS_SISPCE_PCE-DG.pdf,Não auditada individualmente; rótulo local/menção textual não comprovam correspondência semântica.
PCE,t000_PCEAL23,QT_ANC,,,,,,,ftp://ftp.datasus.gov.br/dissemin/publicos/PCE/DOCS/DIC_DADOS_SISPCE_PCE-DG.pdf,Não auditada individualmente; rótulo local/menção textual não comprovam correspondência semântica.
PCE,t000_PCEAL23,QT_TAE,,,,,,,ftp://ftp.datasus.gov.br/dissemin/publicos/PCE/DOCS/DIC_DADOS_SISPCE_PCE-DG.pdf,Não auditada individualmente; rótulo local/menção textual não comprovam correspondência semântica.
PCE,t000_PCEAL23,QT_TT,,,,,,,ftp://ftp.datasus.gov.br/dissemin/publicos/PCE/DOCS/DIC_DADOS_SISPCE_PCE-DG.pdf,Não auditada individualmente; rótulo local/menção textual não comprovam correspondência semântica.
PCE,t000_PCEAL23,QT_EV,,,,,,,ftp://ftp.datasus.gov.br/dissemin/publicos/PCE/DOCS/DIC_DADOS_SISPCE_PCE-DG.pdf,Não auditada individualmente; rótulo local/menção textual não comprovam correspondência semântica.
PCE,t000_PCEAL23,QT_SE,,,,,,,ftp://ftp.datasus.gov.br/dissemin/publicos/PCE/DOCS/DIC_DADOS_SISPCE_PCE-DG.pdf,Não auditada individualmente; rótulo local/menção textual não comprovam correspondência semântica.
PCE,t000_PCEAL23,QT_HN,,,,,,,ftp://ftp.datasus.gov.br/dissemin/publicos/PCE/DOCS/DIC_DADOS_SISPCE_PCE-DG.pdf,Não auditada individualmente; rótulo local/menção textual não comprovam correspondência semântica.
PCE,t000_PCEAL23,QT_OUT,,,,,,,ftp://ftp.datasus.gov.br/dissemin/publicos/PCE/DOCS/DIC_DADOS_SISPCE_PCE-DG.pdf,Não auditada individualmente; rótulo local/menção textual não comprovam correspondência semântica.
PCE,t000_PCEAL23,QT_CAP,,,,,,,ftp://ftp.datasus.gov.br/dissemin/publicos/PCE/DOCS/DIC_DADOS_SISPCE_PCE-DG.pdf,Não auditada individualmente; rótulo local/menção textual não comprovam correspondência semântica.
PCE,t000_PCEAL23,QT_PESQ,,,,,,,ftp://ftp.datasus.gov.br/dissemin/publicos/PCE/DOCS/DIC_DADOS_SISPCE_PCE-DG.pdf,Não auditada individualmente; rótulo local/menção textual não comprovam correspondência semântica.
PCE,t000_PCEAL23,QT_BGLA,,,,,,,ftp://ftp.datasus.gov.br/dissemin/publicos/PCE/DOCS/DIC_DADOS_SISPCE_PCE-DG.pdf,Não auditada individualmente; rótulo local/menção textual não comprovam correspondência semântica.
PCE,t000_PCEAL23,QT_BSTR,,,,,,,ftp://ftp.datasus.gov.br/dissemin/publicos/PCE/DOCS/DIC_DADOS_SISPCE_PCE-DG.pdf,Não auditada individualmente; rótulo local/menção textual não comprovam correspondência semântica.
PCE,t000_PCEAL23,QT_BTEN,,,,,,,ftp://ftp.datasus.gov.br/dissemin/publicos/PCE/DOCS/DIC_DADOS_SISPCE_PCE-DG.pdf,Não auditada individualmente; rótulo local/menção textual não comprovam correspondência semântica.
PCE,t000_PCEAL23,QT_OUT1,,,,,,,ftp://ftp.datasus.gov.br/dissemin/publicos/PCE/DOCS/DIC_DADOS_SISPCE_PCE-DG.pdf,Não auditada individualmente; rótulo local/menção textual não comprovam correspondência semântica.
PCE,t000_PCEAL23,QT_POSBGLA,,,,,,,ftp://ftp.datasus.gov.br/dissemin/publicos/PCE/DOCS/DIC_DADOS_SISPCE_PCE-DG.pdf,Não auditada individualmente; rótulo local/menção textual não comprovam correspondência semântica.
PCE,t000_PCEAL23,QT_POSBTEN,,,,,,,ftp://ftp.datasus.gov.br/dissemin/publicos/PCE/DOCS/DIC_DADOS_SISPCE_PCE-DG.pdf,Não auditada individualmente; rótulo local/menção textual não comprovam correspondência semântica.
PCE,t000_PCEAL23,QT_POSBSTR,,,,,,,ftp://ftp.datasus.gov.br/dissemin/publicos/PCE/DOCS/DIC_DADOS_SISPCE_PCE-DG.pdf,Não auditada individualmente; rótulo local/menção textual não comprovam correspondência semântica.
PCE,t000_PCEAL23,QT_POSOUT,,,,,,,ftp://ftp.datasus.gov.br/dissemin/publicos/PCE/DOCS/DIC_DADOS_SISPCE_PCE-DG.pdf,Não auditada individualmente; rótulo local/menção textual não comprovam correspondência semântica.
PO,t000_POBR2023,ANO_DIAGN,,,,,,,ftp://ftp.datasus.gov.br/dissemin/publicos/PAINEL_ONCOLOGIA/DOC/Dicionario_Painel_Oncologia.pdf,Não auditada individualmente; rótulo local/menção textual não comprovam correspondência semântica.
PO,t000_POBR2023,ANOMES_DIA,,,,,,,ftp://ftp.datasus.gov.br/dissemin/publicos/PAINEL_ONCOLOGIA/DOC/Dicionario_Painel_Oncologia.pdf,Não auditada individualmente; rótulo local/menção textual não comprovam correspondência semântica.
PO,t000_POBR2023,ANO_TRATAM,,,,,,,ftp://ftp.datasus.gov.br/dissemin/publicos/PAINEL_ONCOLOGIA/DOC/Dicionario_Painel_Oncologia.pdf,Não auditada individualmente; rótulo local/menção textual não comprovam correspondência semântica.
PO,t000_POBR2023,ANOMES_TRA,,,,,,,ftp://ftp.datasus.gov.br/dissemin/publicos/PAINEL_ONCOLOGIA/DOC/Dicionario_Painel_Oncologia.pdf,Não auditada individualmente; rótulo local/menção textual não comprovam correspondência semântica.
PO,t000_POBR2023,UF_RESID,,,,,,,ftp://ftp.datasus.gov.br/dissemin/publicos/PAINEL_ONCOLOGIA/DOC/Dicionario_Painel_Oncologia.pdf,Não auditada individualmente; rótulo local/menção textual não comprovam correspondência semântica.
PO,t000_POBR2023,MUN_RESID,,,,,,,ftp://ftp.datasus.gov.br/dissemin/publicos/PAINEL_ONCOLOGIA/DOC/Dicionario_Painel_Oncologia.pdf,Não auditada individualmente; rótulo local/menção textual não comprovam correspondência semântica.
PO,t000_POBR2023,UF_TRATAM,,,,,,,ftp://ftp.datasus.gov.br/dissemin/publicos/PAINEL_ONCOLOGIA/DOC/Dicionario_Painel_Oncologia.pdf,Não auditada individualmente; rótulo local/menção textual não comprovam correspondência semântica.
PO,t000_POBR2023,MUN_TRATAM,,,,,,,ftp://ftp.datasus.gov.br/dissemin/publicos/PAINEL_ONCOLOGIA/DOC/Dicionario_Painel_Oncologia.pdf,Não auditada individualmente; rótulo local/menção textual não comprovam correspondência semântica.
PO,t000_POBR2023,UF_DIAGN,,,,,,,ftp://ftp.datasus.gov.br/dissemin/publicos/PAINEL_ONCOLOGIA/DOC/Dicionario_Painel_Oncologia.pdf,Não auditada individualmente; rótulo local/menção textual não comprovam correspondência semântica.
PO,t000_POBR2023,MUN_DIAG,,,,,,,ftp://ftp.datasus.gov.br/dissemin/publicos/PAINEL_ONCOLOGIA/DOC/Dicionario_Painel_Oncologia.pdf,Não auditada individualmente; rótulo local/menção textual não comprovam correspondência semântica.
PO,t000_POBR2023,TRATAMENTO,,,,,,,ftp://ftp.datasus.gov.br/dissemin/publicos/PAINEL_ONCOLOGIA/DOC/Dicionario_Painel_Oncologia.pdf,Não auditada individualmente; rótulo local/menção textual não comprovam correspondência semântica.
PO,t000_POBR2023,DIAGNOSTIC,,,,,,,ftp://ftp.datasus.gov.br/dissemin/publicos/PAINEL_ONCOLOGIA/DOC/Dicionario_Painel_Oncologia.pdf,Não auditada individualmente; rótulo local/menção textual não comprovam correspondência semântica.
PO,t000_POBR2023,IDADE,,,,,,,ftp://ftp.datasus.gov.br/dissemin/publicos/PAINEL_ONCOLOGIA/DOC/Dicionario_Painel_Oncologia.pdf,Não auditada individualmente; rótulo local/menção textual não comprovam correspondência semântica.
PO,t000_POBR2023,SEXO,,,,,,,ftp://ftp.datasus.gov.br/dissemin/publicos/PAINEL_ONCOLOGIA/DOC/Dicionario_Painel_Oncologia.pdf,Não auditada individualmente; rótulo local/menção textual não comprovam correspondência semântica.
PO,t000_POBR2023,ESTADIAM,,,,,,,ftp://ftp.datasus.gov.br/dissemin/publicos/PAINEL_ONCOLOGIA/DOC/Dicionario_Painel_Oncologia.pdf,Não auditada individualmente; rótulo local/menção textual não comprovam correspondência semântica.
PO,t000_POBR2023,CNES_DIAG,,,,,,,ftp://ftp.datasus.gov.br/dissemin/publicos/PAINEL_ONCOLOGIA/DOC/Dicionario_Painel_Oncologia.pdf,Não auditada individualmente; rótulo local/menção textual não comprovam correspondência semântica.
PO,t000_POBR2023,CNES_TRAT,,,,,,,ftp://ftp.datasus.gov.br/dissemin/publicos/PAINEL_ONCOLOGIA/DOC/Dicionario_Painel_Oncologia.pdf,Não auditada individualmente; rótulo local/menção textual não comprovam correspondência semântica.
PO,t000_POBR2023,TEMPO_TRAT,,,,,,,ftp://ftp.datasus.gov.br/dissemin/publicos/PAINEL_ONCOLOGIA/DOC/Dicionario_Painel_Oncologia.pdf,Não auditada individualmente; rótulo local/menção textual não comprovam correspondência semântica.
PO,t000_POBR2023,CNS_PAC,,,,,,,ftp://ftp.datasus.gov.br/dissemin/publicos/PAINEL_ONCOLOGIA/DOC/Dicionario_Painel_Oncologia.pdf,Não auditada individualmente; rótulo local/menção textual não comprovam correspondência semântica.
PO,t000_POBR2023,DIAG_DETH,,,,,,,ftp://ftp.datasus.gov.br/dissemin/publicos/PAINEL_ONCOLOGIA/DOC/Dicionario_Painel_Oncologia.pdf,Não auditada individualmente; rótulo local/menção textual não comprovam correspondência semântica.
PO,t000_POBR2023,DT_DIAG,,,,,,,ftp://ftp.datasus.gov.br/dissemin/publicos/PAINEL_ONCOLOGIA/DOC/Dicionario_Painel_Oncologia.pdf,Não auditada individualmente; rótulo local/menção textual não comprovam correspondência semântica.
PO,t000_POBR2023,DT_TRAT,,,,,,,ftp://ftp.datasus.gov.br/dissemin/publicos/PAINEL_ONCOLOGIA/DOC/Dicionario_Painel_Oncologia.pdf,Não auditada individualmente; rótulo local/menção textual não comprovam correspondência semântica.
PO,t000_POBR2023,DT_NASC,,,,,,,ftp://ftp.datasus.gov.br/dissemin/publicos/PAINEL_ONCOLOGIA/DOC/Dicionario_Painel_Oncologia.pdf,Não auditada individualmente; rótulo local/menção textual não comprovam correspondência semântica.
RESP,t000_RESPRR23,CO_SEQ,,,,,,,ftp://ftp.datasus.gov.br/dissemin/publicos/RESP/DOCS/DIC_DADOS_RESP.pdf,Não auditada individualmente; rótulo local/menção textual não comprovam correspondência semântica.
RESP,t000_RESPRR23,DT_NOTIFIC,,,,,,,ftp://ftp.datasus.gov.br/dissemin/publicos/RESP/DOCS/DIC_DADOS_RESP.pdf,Não auditada individualmente; rótulo local/menção textual não comprovam correspondência semântica.
RESP,t000_RESPRR23,ANO_NOT,,,,,,,ftp://ftp.datasus.gov.br/dissemin/publicos/RESP/DOCS/DIC_DADOS_RESP.pdf,Não auditada individualmente; rótulo local/menção textual não comprovam correspondência semântica.
RESP,t000_RESPRR23,TP_NOTIFIC,,,,,,,ftp://ftp.datasus.gov.br/dissemin/publicos/RESP/DOCS/DIC_DADOS_RESP.pdf,Não auditada individualmente; rótulo local/menção textual não comprovam correspondência semântica.
RESP,t000_RESPRR23,DT_NASCMAE,,,,,,,ftp://ftp.datasus.gov.br/dissemin/publicos/RESP/DOCS/DIC_DADOS_RESP.pdf,Não auditada individualmente; rótulo local/menção textual não comprovam correspondência semântica.
RESP,t000_RESPRR23,IDADEGES,,,,,,,ftp://ftp.datasus.gov.br/dissemin/publicos/RESP/DOCS/DIC_DADOS_RESP.pdf,Não auditada individualmente; rótulo local/menção textual não comprovam correspondência semântica.
RESP,t000_RESPRR23,RACACOR,,,,,,,ftp://ftp.datasus.gov.br/dissemin/publicos/RESP/DOCS/DIC_DADOS_RESP.pdf,Não auditada individualmente; rótulo local/menção textual não comprovam correspondência semântica.
RESP,t000_RESPRR23,REGIAORES,,,,,,,ftp://ftp.datasus.gov.br/dissemin/publicos/RESP/DOCS/DIC_DADOS_RESP.pdf,Não auditada individualmente; rótulo local/menção textual não comprovam correspondência semântica.
RESP,t000_RESPRR23,UFRES,,,,,,,ftp://ftp.datasus.gov.br/dissemin/publicos/RESP/DOCS/DIC_DADOS_RESP.pdf,Não auditada individualmente; rótulo local/menção textual não comprovam correspondência semântica.
RESP,t000_RESPRR23,CODMUNRES,,,,,,,ftp://ftp.datasus.gov.br/dissemin/publicos/RESP/DOCS/DIC_DADOS_RESP.pdf,Não auditada individualmente; rótulo local/menção textual não comprovam correspondência semântica.
RESP,t000_RESPRR23,SEXO,,,,,,,ftp://ftp.datasus.gov.br/dissemin/publicos/RESP/DOCS/DIC_DADOS_RESP.pdf,Não auditada individualmente; rótulo local/menção textual não comprovam correspondência semântica.
RESP,t000_RESPRR23,DT_NASC,,,,,,,ftp://ftp.datasus.gov.br/dissemin/publicos/RESP/DOCS/DIC_DADOS_RESP.pdf,Não auditada individualmente; rótulo local/menção textual não comprovam correspondência semântica.
RESP,t000_RESPRR23,ANO_NASC,,,,,,,ftp://ftp.datasus.gov.br/dissemin/publicos/RESP/DOCS/DIC_DADOS_RESP.pdf,Não auditada individualmente; rótulo local/menção textual não comprovam correspondência semântica.
RESP,t000_RESPRR23,PESO,,,,,,,ftp://ftp.datasus.gov.br/dissemin/publicos/RESP/DOCS/DIC_DADOS_RESP.pdf,Não auditada individualmente; rótulo local/menção textual não comprovam correspondência semântica.
RESP,t000_RESPRR23,COMPRIMENT,,,,,,,ftp://ftp.datasus.gov.br/dissemin/publicos/RESP/DOCS/DIC_DADOS_RESP.pdf,Não auditada individualmente; rótulo local/menção textual não comprovam correspondência semântica.
RESP,t000_RESPRR23,PERIMCEFAL,,,,,,,ftp://ftp.datasus.gov.br/dissemin/publicos/RESP/DOCS/DIC_DADOS_RESP.pdf,Não auditada individualmente; rótulo local/menção textual não comprovam correspondência semântica.
RESP,t000_RESPRR23,DIAMCEFAL,,,,,,,ftp://ftp.datasus.gov.br/dissemin/publicos/RESP/DOCS/DIC_DADOS_RESP.pdf,Não auditada individualmente; rótulo local/menção textual não comprovam correspondência semântica.
RESP,t000_RESPRR23,MICROCEFAL,,,,,,,ftp://ftp.datasus.gov.br/dissemin/publicos/RESP/DOCS/DIC_DADOS_RESP.pdf,Não auditada individualmente; rótulo local/menção textual não comprovam correspondência semântica.
RESP,t000_RESPRR23,DEF_NEURO,,,,,,,ftp://ftp.datasus.gov.br/dissemin/publicos/RESP/DOCS/DIC_DADOS_RESP.pdf,Não auditada individualmente; rótulo local/menção textual não comprovam correspondência semântica.
RESP,t000_RESPRR23,DEF_AUDIT,,,,,,,ftp://ftp.datasus.gov.br/dissemin/publicos/RESP/DOCS/DIC_DADOS_RESP.pdf,Não auditada individualmente; rótulo local/menção textual não comprovam correspondência semântica.
RESP,t000_RESPRR23,DEF_VISUAL,,,,,,,ftp://ftp.datasus.gov.br/dissemin/publicos/RESP/DOCS/DIC_DADOS_RESP.pdf,Não auditada individualmente; rótulo local/menção textual não comprovam correspondência semântica.
RESP,t000_RESPRR23,TPDETECCAO,,,,,,,ftp://ftp.datasus.gov.br/dissemin/publicos/RESP/DOCS/DIC_DADOS_RESP.pdf,Não auditada individualmente; rótulo local/menção textual não comprovam correspondência semântica.
RESP,t000_RESPRR23,GEST_DIAG,,,,,,,ftp://ftp.datasus.gov.br/dissemin/publicos/RESP/DOCS/DIC_DADOS_RESP.pdf,Não auditada individualmente; rótulo local/menção textual não comprovam correspondência semântica.
RESP,t000_RESPRR23,GRAVIDEZ,,,,,,,ftp://ftp.datasus.gov.br/dissemin/publicos/RESP/DOCS/DIC_DADOS_RESP.pdf,Não auditada individualmente; rótulo local/menção textual não comprovam correspondência semântica.
RESP,t000_RESPRR23,CLASS_FETO,,,,,,,ftp://ftp.datasus.gov.br/dissemin/publicos/RESP/DOCS/DIC_DADOS_RESP.pdf,Não auditada individualmente; rótulo local/menção textual não comprovam correspondência semântica.
RESP,t000_RESPRR23,DT_SINTOMA,,,,,,,ftp://ftp.datasus.gov.br/dissemin/publicos/RESP/DOCS/DIC_DADOS_RESP.pdf,Não auditada individualmente; rótulo local/menção textual não comprovam correspondência semântica.
RESP,t000_RESPRR23,FEBRE_GES,,,,,,,ftp://ftp.datasus.gov.br/dissemin/publicos/RESP/DOCS/DIC_DADOS_RESP.pdf,Não auditada individualmente; rótulo local/menção textual não comprovam correspondência semântica.
RESP,t000_RESPRR23,EXANT_GES,,,,,,,ftp://ftp.datasus.gov.br/dissemin/publicos/RESP/DOCS/DIC_DADOS_RESP.pdf,Não auditada individualmente; rótulo local/menção textual não comprovam correspondência semântica.
RESP,t000_RESPRR23,PRURIDO,,,,,,,ftp://ftp.datasus.gov.br/dissemin/publicos/RESP/DOCS/DIC_DADOS_RESP.pdf,Não auditada individualmente; rótulo local/menção textual não comprovam correspondência semântica.
RESP,t000_RESPRR23,CONJUNTIV,,,,,,,ftp://ftp.datasus.gov.br/dissemin/publicos/RESP/DOCS/DIC_DADOS_RESP.pdf,Não auditada individualmente; rótulo local/menção textual não comprovam correspondência semântica.
RESP,t000_RESPRR23,DOR_ARTIC,,,,,,,ftp://ftp.datasus.gov.br/dissemin/publicos/RESP/DOCS/DIC_DADOS_RESP.pdf,Não auditada individualmente; rótulo local/menção textual não comprovam correspondência semântica.
RESP,t000_RESPRR23,DOR_MUSC,,,,,,,ftp://ftp.datasus.gov.br/dissemin/publicos/RESP/DOCS/DIC_DADOS_RESP.pdf,Não auditada individualmente; rótulo local/menção textual não comprovam correspondência semântica.
RESP,t000_RESPRR23,EDEMA,,,,,,,ftp://ftp.datasus.gov.br/dissemin/publicos/RESP/DOCS/DIC_DADOS_RESP.pdf,Não auditada individualmente; rótulo local/menção textual não comprovam correspondência semântica.
RESP,t000_RESPRR23,CEFALEIA,,,,,,,ftp://ftp.datasus.gov.br/dissemin/publicos/RESP/DOCS/DIC_DADOS_RESP.pdf,Não auditada individualmente; rótulo local/menção textual não comprovam correspondência semântica.
RESP,t000_RESPRR23,HIPERT_GAN,,,,,,,ftp://ftp.datasus.gov.br/dissemin/publicos/RESP/DOCS/DIC_DADOS_RESP.pdf,Não auditada individualmente; rótulo local/menção textual não comprovam correspondência semântica.
RESP,t000_RESPRR23,NEUROLOG,,,,,,,ftp://ftp.datasus.gov.br/dissemin/publicos/RESP/DOCS/DIC_DADOS_RESP.pdf,Não auditada individualmente; rótulo local/menção textual não comprovam correspondência semântica.
RESP,t000_RESPRR23,EXA_TORSCH,,,,,,,ftp://ftp.datasus.gov.br/dissemin/publicos/RESP/DOCS/DIC_DADOS_RESP.pdf,Não auditada individualmente; rótulo local/menção textual não comprovam correspondência semântica.
RESP,t000_RESPRR23,RESUL_S,,,,,,,ftp://ftp.datasus.gov.br/dissemin/publicos/RESP/DOCS/DIC_DADOS_RESP.pdf,Não auditada individualmente; rótulo local/menção textual não comprovam correspondência semântica.
RESP,t000_RESPRR23,RESUL_TO,,,,,,,ftp://ftp.datasus.gov.br/dissemin/publicos/RESP/DOCS/DIC_DADOS_RESP.pdf,Não auditada individualmente; rótulo local/menção textual não comprovam correspondência semântica.
RESP,t000_RESPRR23,RESUL_C,,,,,,,ftp://ftp.datasus.gov.br/dissemin/publicos/RESP/DOCS/DIC_DADOS_RESP.pdf,Não auditada individualmente; rótulo local/menção textual não comprovam correspondência semântica.
RESP,t000_RESPRR23,RESUL_H,,,,,,,ftp://ftp.datasus.gov.br/dissemin/publicos/RESP/DOCS/DIC_DADOS_RESP.pdf,Não auditada individualmente; rótulo local/menção textual não comprovam correspondência semântica.
RESP,t000_RESPRR23,RESUL_Z,,,,,,,ftp://ftp.datasus.gov.br/dissemin/publicos/RESP/DOCS/DIC_DADOS_RESP.pdf,Não auditada individualmente; rótulo local/menção textual não comprovam correspondência semântica.
RESP,t000_RESPRR23,SO_IGG_Z,,,,,,,ftp://ftp.datasus.gov.br/dissemin/publicos/RESP/DOCS/DIC_DADOS_RESP.pdf,Não auditada individualmente; rótulo local/menção textual não comprovam correspondência semântica.
RESP,t000_RESPRR23,SO_IGM_Z,,,,,,,ftp://ftp.datasus.gov.br/dissemin/publicos/RESP/DOCS/DIC_DADOS_RESP.pdf,Não auditada individualmente; rótulo local/menção textual não comprovam correspondência semântica.
RESP,t000_RESPRR23,TR_IGG_Z,,,,,,,ftp://ftp.datasus.gov.br/dissemin/publicos/RESP/DOCS/DIC_DADOS_RESP.pdf,Não auditada individualmente; rótulo local/menção textual não comprovam correspondência semântica.
RESP,t000_RESPRR23,TR_IGM_Z,,,,,,,ftp://ftp.datasus.gov.br/dissemin/publicos/RESP/DOCS/DIC_DADOS_RESP.pdf,Não auditada individualmente; rótulo local/menção textual não comprovam correspondência semântica.
RESP,t000_RESPRR23,PCR_Z,,,,,,,ftp://ftp.datasus.gov.br/dissemin/publicos/RESP/DOCS/DIC_DADOS_RESP.pdf,Não auditada individualmente; rótulo local/menção textual não comprovam correspondência semântica.
RESP,t000_RESPRR23,HIST_ARBOV,,,,,,,ftp://ftp.datasus.gov.br/dissemin/publicos/RESP/DOCS/DIC_DADOS_RESP.pdf,Não auditada individualmente; rótulo local/menção textual não comprovam correspondência semântica.
RESP,t000_RESPRR23,HIST_MALFO,,,,,,,ftp://ftp.datasus.gov.br/dissemin/publicos/RESP/DOCS/DIC_DADOS_RESP.pdf,Não auditada individualmente; rótulo local/menção textual não comprovam correspondência semântica.
RESP,t000_RESPRR23,RNEXA_TORS,,,,,,,ftp://ftp.datasus.gov.br/dissemin/publicos/RESP/DOCS/DIC_DADOS_RESP.pdf,Não auditada individualmente; rótulo local/menção textual não comprovam correspondência semântica.
RESP,t000_RESPRR23,RNRESUL_S,,,,,,,ftp://ftp.datasus.gov.br/dissemin/publicos/RESP/DOCS/DIC_DADOS_RESP.pdf,Não auditada individualmente; rótulo local/menção textual não comprovam correspondência semântica.
RESP,t000_RESPRR23,RNRESUL_TO,,,,,,,ftp://ftp.datasus.gov.br/dissemin/publicos/RESP/DOCS/DIC_DADOS_RESP.pdf,Não auditada individualmente; rótulo local/menção textual não comprovam correspondência semântica.
RESP,t000_RESPRR23,RNRESUL_C,,,,,,,ftp://ftp.datasus.gov.br/dissemin/publicos/RESP/DOCS/DIC_DADOS_RESP.pdf,Não auditada individualmente; rótulo local/menção textual não comprovam correspondência semântica.
RESP,t000_RESPRR23,RNRESUL_H,,,,,,,ftp://ftp.datasus.gov.br/dissemin/publicos/RESP/DOCS/DIC_DADOS_RESP.pdf,Não auditada individualmente; rótulo local/menção textual não comprovam correspondência semântica.
RESP,t000_RESPRR23,RNRESUL_Z,,,,,,,ftp://ftp.datasus.gov.br/dissemin/publicos/RESP/DOCS/DIC_DADOS_RESP.pdf,Não auditada individualmente; rótulo local/menção textual não comprovam correspondência semântica.
RESP,t000_RESPRR23,RNSO_IGG_Z,,,,,,,ftp://ftp.datasus.gov.br/dissemin/publicos/RESP/DOCS/DIC_DADOS_RESP.pdf,Não auditada individualmente; rótulo local/menção textual não comprovam correspondência semântica.
RESP,t000_RESPRR23,RNSO_IGM_Z,,,,,,,ftp://ftp.datasus.gov.br/dissemin/publicos/RESP/DOCS/DIC_DADOS_RESP.pdf,Não auditada individualmente; rótulo local/menção textual não comprovam correspondência semântica.
RESP,t000_RESPRR23,RNTR_IGG_Z,,,,,,,ftp://ftp.datasus.gov.br/dissemin/publicos/RESP/DOCS/DIC_DADOS_RESP.pdf,Não auditada individualmente; rótulo local/menção textual não comprovam correspondência semântica.
RESP,t000_RESPRR23,RNTR_IGM_Z,,,,,,,ftp://ftp.datasus.gov.br/dissemin/publicos/RESP/DOCS/DIC_DADOS_RESP.pdf,Não auditada individualmente; rótulo local/menção textual não comprovam correspondência semântica.
RESP,t000_RESPRR23,RNPCR_Z,,,,,,,ftp://ftp.datasus.gov.br/dissemin/publicos/RESP/DOCS/DIC_DADOS_RESP.pdf,Não auditada individualmente; rótulo local/menção textual não comprovam correspondência semântica.
RESP,t000_RESPRR23,EXAME_USS,,,,,,,ftp://ftp.datasus.gov.br/dissemin/publicos/RESP/DOCS/DIC_DADOS_RESP.pdf,Não auditada individualmente; rótulo local/menção textual não comprovam correspondência semântica.
RESP,t000_RESPRR23,DT_USS,,,,,,,ftp://ftp.datasus.gov.br/dissemin/publicos/RESP/DOCS/DIC_DADOS_RESP.pdf,Não auditada individualmente; rótulo local/menção textual não comprovam correspondência semântica.
RESP,t000_RESPRR23,EXA_TRANSF,,,,,,,ftp://ftp.datasus.gov.br/dissemin/publicos/RESP/DOCS/DIC_DADOS_RESP.pdf,Não auditada individualmente; rótulo local/menção textual não comprovam correspondência semântica.
RESP,t000_RESPRR23,DT_TRANSF,,,,,,,ftp://ftp.datasus.gov.br/dissemin/publicos/RESP/DOCS/DIC_DADOS_RESP.pdf,Não auditada individualmente; rótulo local/menção textual não comprovam correspondência semântica.
RESP,t000_RESPRR23,EXAME_TC,,,,,,,ftp://ftp.datasus.gov.br/dissemin/publicos/RESP/DOCS/DIC_DADOS_RESP.pdf,Não auditada individualmente; rótulo local/menção textual não comprovam correspondência semântica.
RESP,t000_RESPRR23,DT_TC,,,,,,,ftp://ftp.datasus.gov.br/dissemin/publicos/RESP/DOCS/DIC_DADOS_RESP.pdf,Não auditada individualmente; rótulo local/menção textual não comprovam correspondência semântica.
RESP,t000_RESPRR23,EXAME_RS,,,,,,,ftp://ftp.datasus.gov.br/dissemin/publicos/RESP/DOCS/DIC_DADOS_RESP.pdf,Não auditada individualmente; rótulo local/menção textual não comprovam correspondência semântica.
RESP,t000_RESPRR23,DT_RS,,,,,,,ftp://ftp.datasus.gov.br/dissemin/publicos/RESP/DOCS/DIC_DADOS_RESP.pdf,Não auditada individualmente; rótulo local/menção textual não comprovam correspondência semântica.
RESP,t000_RESPRR23,REGIAONOT,,,,,,,ftp://ftp.datasus.gov.br/dissemin/publicos/RESP/DOCS/DIC_DADOS_RESP.pdf,Não auditada individualmente; rótulo local/menção textual não comprovam correspondência semântica.
RESP,t000_RESPRR23,UFNOT,,,,,,,ftp://ftp.datasus.gov.br/dissemin/publicos/RESP/DOCS/DIC_DADOS_RESP.pdf,Não auditada individualmente; rótulo local/menção textual não comprovam correspondência semântica.
RESP,t000_RESPRR23,CODMUNNOT,,,,,,,ftp://ftp.datasus.gov.br/dissemin/publicos/RESP/DOCS/DIC_DADOS_RESP.pdf,Não auditada individualmente; rótulo local/menção textual não comprovam correspondência semântica.
RESP,t000_RESPRR23,ST_OBITO,,,,,,,ftp://ftp.datasus.gov.br/dissemin/publicos/RESP/DOCS/DIC_DADOS_RESP.pdf,Não auditada individualmente; rótulo local/menção textual não comprovam correspondência semântica.
RESP,t000_RESPRR23,DT_OBITO,,,,,,,ftp://ftp.datasus.gov.br/dissemin/publicos/RESP/DOCS/DIC_DADOS_RESP.pdf,Não auditada individualmente; rótulo local/menção textual não comprovam correspondência semântica.
RESP,t000_RESPRR23,CLASSIFIN,,,,,,,ftp://ftp.datasus.gov.br/dissemin/publicos/RESP/DOCS/DIC_DADOS_RESP.pdf,Não auditada individualmente; rótulo local/menção textual não comprovam correspondência semântica.
RESP,t000_RESPRR23,ETIOLOGIA,,,,,,,ftp://ftp.datasus.gov.br/dissemin/publicos/RESP/DOCS/DIC_DADOS_RESP.pdf,Não auditada individualmente; rótulo local/menção textual não comprovam correspondência semântica.
RESP,t000_RESPRR23,CRITERIO,,,,,,,ftp://ftp.datasus.gov.br/dissemin/publicos/RESP/DOCS/DIC_DADOS_RESP.pdf,Não auditada individualmente; rótulo local/menção textual não comprovam correspondência semântica.
RESP,t000_RESPRR23,STATUS_NOT,,,,,,,ftp://ftp.datasus.gov.br/dissemin/publicos/RESP/DOCS/DIC_DADOS_RESP.pdf,Não auditada individualmente; rótulo local/menção textual não comprovam correspondência semântica.
RESP,t000_RESPRR23,DT_ULT_ALT,,,,,,,ftp://ftp.datasus.gov.br/dissemin/publicos/RESP/DOCS/DIC_DADOS_RESP.pdf,Não auditada individualmente; rótulo local/menção textual não comprovam correspondência semântica.
SIASUS,t000_PARR2301,PA_CODUNI,,,,,,,ftp://ftp.datasus.gov.br/dissemin/publicos/SIASUS/200801_/Doc/Informe_Tecnico_SIASUS_2019_07.pdf,Não auditada individualmente; rótulo local/menção textual não comprovam correspondência semântica.
SIASUS,t000_PARR2301,PA_GESTAO,,,,,,,ftp://ftp.datasus.gov.br/dissemin/publicos/SIASUS/200801_/Doc/Informe_Tecnico_SIASUS_2019_07.pdf,Não auditada individualmente; rótulo local/menção textual não comprovam correspondência semântica.
SIASUS,t000_PARR2301,PA_CONDIC,,,,,,,ftp://ftp.datasus.gov.br/dissemin/publicos/SIASUS/200801_/Doc/Informe_Tecnico_SIASUS_2019_07.pdf,Não auditada individualmente; rótulo local/menção textual não comprovam correspondência semântica.
SIASUS,t000_PARR2301,PA_UFMUN,,,,,,,ftp://ftp.datasus.gov.br/dissemin/publicos/SIASUS/200801_/Doc/Informe_Tecnico_SIASUS_2019_07.pdf,Não auditada individualmente; rótulo local/menção textual não comprovam correspondência semântica.
SIASUS,t000_PARR2301,PA_REGCT,,,,,,,ftp://ftp.datasus.gov.br/dissemin/publicos/SIASUS/200801_/Doc/Informe_Tecnico_SIASUS_2019_07.pdf,Não auditada individualmente; rótulo local/menção textual não comprovam correspondência semântica.
SIASUS,t000_PARR2301,PA_INCOUT,,,,,,,ftp://ftp.datasus.gov.br/dissemin/publicos/SIASUS/200801_/Doc/Informe_Tecnico_SIASUS_2019_07.pdf,Não auditada individualmente; rótulo local/menção textual não comprovam correspondência semântica.
SIASUS,t000_PARR2301,PA_INCURG,,,,,,,ftp://ftp.datasus.gov.br/dissemin/publicos/SIASUS/200801_/Doc/Informe_Tecnico_SIASUS_2019_07.pdf,Não auditada individualmente; rótulo local/menção textual não comprovam correspondência semântica.
SIASUS,t000_PARR2301,PA_TPUPS,,,,,,,ftp://ftp.datasus.gov.br/dissemin/publicos/SIASUS/200801_/Doc/Informe_Tecnico_SIASUS_2019_07.pdf,Não auditada individualmente; rótulo local/menção textual não comprovam correspondência semântica.
SIASUS,t000_PARR2301,PA_TIPPRE,,,,,,,ftp://ftp.datasus.gov.br/dissemin/publicos/SIASUS/200801_/Doc/Informe_Tecnico_SIASUS_2019_07.pdf,Não auditada individualmente; rótulo local/menção textual não comprovam correspondência semântica.
SIASUS,t000_PARR2301,PA_MN_IND,,,,,,,ftp://ftp.datasus.gov.br/dissemin/publicos/SIASUS/200801_/Doc/Informe_Tecnico_SIASUS_2019_07.pdf,Não auditada individualmente; rótulo local/menção textual não comprovam correspondência semântica.
SIASUS,t000_PARR2301,PA_CNPJCPF,,,,,,,ftp://ftp.datasus.gov.br/dissemin/publicos/SIASUS/200801_/Doc/Informe_Tecnico_SIASUS_2019_07.pdf,Não auditada individualmente; rótulo local/menção textual não comprovam correspondência semântica.
SIASUS,t000_PARR2301,PA_CNPJMNT,,,,,,,ftp://ftp.datasus.gov.br/dissemin/publicos/SIASUS/200801_/Doc/Informe_Tecnico_SIASUS_2019_07.pdf,Não auditada individualmente; rótulo local/menção textual não comprovam correspondência semântica.
SIASUS,t000_PARR2301,PA_CNPJ_CC,,,,,,,ftp://ftp.datasus.gov.br/dissemin/publicos/SIASUS/200801_/Doc/Informe_Tecnico_SIASUS_2019_07.pdf,Não auditada individualmente; rótulo local/menção textual não comprovam correspondência semântica.
SIASUS,t000_PARR2301,PA_MVM,,,,,,,ftp://ftp.datasus.gov.br/dissemin/publicos/SIASUS/200801_/Doc/Informe_Tecnico_SIASUS_2019_07.pdf,Não auditada individualmente; rótulo local/menção textual não comprovam correspondência semântica.
SIASUS,t000_PARR2301,PA_CMP,,,,,,,ftp://ftp.datasus.gov.br/dissemin/publicos/SIASUS/200801_/Doc/Informe_Tecnico_SIASUS_2019_07.pdf,Não auditada individualmente; rótulo local/menção textual não comprovam correspondência semântica.
SIASUS,t000_PARR2301,PA_PROC_ID,,,,,,,ftp://ftp.datasus.gov.br/dissemin/publicos/SIASUS/200801_/Doc/Informe_Tecnico_SIASUS_2019_07.pdf,Não auditada individualmente; rótulo local/menção textual não comprovam correspondência semântica.
SIASUS,t000_PARR2301,PA_TPFIN,,,,,,,ftp://ftp.datasus.gov.br/dissemin/publicos/SIASUS/200801_/Doc/Informe_Tecnico_SIASUS_2019_07.pdf,Não auditada individualmente; rótulo local/menção textual não comprovam correspondência semântica.
SIASUS,t000_PARR2301,PA_SUBFIN,,,,,,,ftp://ftp.datasus.gov.br/dissemin/publicos/SIASUS/200801_/Doc/Informe_Tecnico_SIASUS_2019_07.pdf,Não auditada individualmente; rótulo local/menção textual não comprovam correspondência semântica.
SIASUS,t000_PARR2301,PA_NIVCPL,,,,,,,ftp://ftp.datasus.gov.br/dissemin/publicos/SIASUS/200801_/Doc/Informe_Tecnico_SIASUS_2019_07.pdf,Não auditada individualmente; rótulo local/menção textual não comprovam correspondência semântica.
SIASUS,t000_PARR2301,PA_DOCORIG,,,,,,,ftp://ftp.datasus.gov.br/dissemin/publicos/SIASUS/200801_/Doc/Informe_Tecnico_SIASUS_2019_07.pdf,Não auditada individualmente; rótulo local/menção textual não comprovam correspondência semântica.
SIASUS,t000_PARR2301,PA_AUTORIZ,,,,,,,ftp://ftp.datasus.gov.br/dissemin/publicos/SIASUS/200801_/Doc/Informe_Tecnico_SIASUS_2019_07.pdf,Não auditada individualmente; rótulo local/menção textual não comprovam correspondência semântica.
SIASUS,t000_PARR2301,PA_CNSMED,,,,,,,ftp://ftp.datasus.gov.br/dissemin/publicos/SIASUS/200801_/Doc/Informe_Tecnico_SIASUS_2019_07.pdf,Não auditada individualmente; rótulo local/menção textual não comprovam correspondência semântica.
SIASUS,t000_PARR2301,PA_CBOCOD,,,,,,,ftp://ftp.datasus.gov.br/dissemin/publicos/SIASUS/200801_/Doc/Informe_Tecnico_SIASUS_2019_07.pdf,Não auditada individualmente; rótulo local/menção textual não comprovam correspondência semântica.
SIASUS,t000_PARR2301,PA_MOTSAI,,,,,,,ftp://ftp.datasus.gov.br/dissemin/publicos/SIASUS/200801_/Doc/Informe_Tecnico_SIASUS_2019_07.pdf,Não auditada individualmente; rótulo local/menção textual não comprovam correspondência semântica.
SIASUS,t000_PARR2301,PA_OBITO,,,,,,,ftp://ftp.datasus.gov.br/dissemin/publicos/SIASUS/200801_/Doc/Informe_Tecnico_SIASUS_2019_07.pdf,Não auditada individualmente; rótulo local/menção textual não comprovam correspondência semântica.
SIASUS,t000_PARR2301,PA_ENCERR,,,,,,,ftp://ftp.datasus.gov.br/dissemin/publicos/SIASUS/200801_/Doc/Informe_Tecnico_SIASUS_2019_07.pdf,Não auditada individualmente; rótulo local/menção textual não comprovam correspondência semântica.
SIASUS,t000_PARR2301,PA_PERMAN,,,,,,,ftp://ftp.datasus.gov.br/dissemin/publicos/SIASUS/200801_/Doc/Informe_Tecnico_SIASUS_2019_07.pdf,Não auditada individualmente; rótulo local/menção textual não comprovam correspondência semântica.
SIASUS,t000_PARR2301,PA_ALTA,,,,,,,ftp://ftp.datasus.gov.br/dissemin/publicos/SIASUS/200801_/Doc/Informe_Tecnico_SIASUS_2019_07.pdf,Não auditada individualmente; rótulo local/menção textual não comprovam correspondência semântica.
SIASUS,t000_PARR2301,PA_TRANSF,,,,,,,ftp://ftp.datasus.gov.br/dissemin/publicos/SIASUS/200801_/Doc/Informe_Tecnico_SIASUS_2019_07.pdf,Não auditada individualmente; rótulo local/menção textual não comprovam correspondência semântica.
SIASUS,t000_PARR2301,PA_CIDPRI,,,,,,,ftp://ftp.datasus.gov.br/dissemin/publicos/SIASUS/200801_/Doc/Informe_Tecnico_SIASUS_2019_07.pdf,Não auditada individualmente; rótulo local/menção textual não comprovam correspondência semântica.
SIASUS,t000_PARR2301,PA_CIDSEC,,,,,,,ftp://ftp.datasus.gov.br/dissemin/publicos/SIASUS/200801_/Doc/Informe_Tecnico_SIASUS_2019_07.pdf,Não auditada individualmente; rótulo local/menção textual não comprovam correspondência semântica.
SIASUS,t000_PARR2301,PA_CIDCAS,,,,,,,ftp://ftp.datasus.gov.br/dissemin/publicos/SIASUS/200801_/Doc/Informe_Tecnico_SIASUS_2019_07.pdf,Não auditada individualmente; rótulo local/menção textual não comprovam correspondência semântica.
SIASUS,t000_PARR2301,PA_CATEND,,,,,,,ftp://ftp.datasus.gov.br/dissemin/publicos/SIASUS/200801_/Doc/Informe_Tecnico_SIASUS_2019_07.pdf,Não auditada individualmente; rótulo local/menção textual não comprovam correspondência semântica.
SIASUS,t000_PARR2301,PA_IDADE,,,,,,,ftp://ftp.datasus.gov.br/dissemin/publicos/SIASUS/200801_/Doc/Informe_Tecnico_SIASUS_2019_07.pdf,Não auditada individualmente; rótulo local/menção textual não comprovam correspondência semântica.
SIASUS,t000_PARR2301,IDADEMIN,,,,,,,ftp://ftp.datasus.gov.br/dissemin/publicos/SIASUS/200801_/Doc/Informe_Tecnico_SIASUS_2019_07.pdf,Não auditada individualmente; rótulo local/menção textual não comprovam correspondência semântica.
SIASUS,t000_PARR2301,IDADEMAX,,,,,,,ftp://ftp.datasus.gov.br/dissemin/publicos/SIASUS/200801_/Doc/Informe_Tecnico_SIASUS_2019_07.pdf,Não auditada individualmente; rótulo local/menção textual não comprovam correspondência semântica.
SIASUS,t000_PARR2301,PA_FLIDADE,,,,,,,ftp://ftp.datasus.gov.br/dissemin/publicos/SIASUS/200801_/Doc/Informe_Tecnico_SIASUS_2019_07.pdf,Não auditada individualmente; rótulo local/menção textual não comprovam correspondência semântica.
SIASUS,t000_PARR2301,PA_SEXO,,,,,,,ftp://ftp.datasus.gov.br/dissemin/publicos/SIASUS/200801_/Doc/Informe_Tecnico_SIASUS_2019_07.pdf,Não auditada individualmente; rótulo local/menção textual não comprovam correspondência semântica.
SIASUS,t000_PARR2301,PA_RACACOR,,,,,,,ftp://ftp.datasus.gov.br/dissemin/publicos/SIASUS/200801_/Doc/Informe_Tecnico_SIASUS_2019_07.pdf,Não auditada individualmente; rótulo local/menção textual não comprovam correspondência semântica.
SIASUS,t000_PARR2301,PA_MUNPCN,,,,,,,ftp://ftp.datasus.gov.br/dissemin/publicos/SIASUS/200801_/Doc/Informe_Tecnico_SIASUS_2019_07.pdf,Não auditada individualmente; rótulo local/menção textual não comprovam correspondência semântica.
SIASUS,t000_PARR2301,PA_QTDPRO,,,,,,,ftp://ftp.datasus.gov.br/dissemin/publicos/SIASUS/200801_/Doc/Informe_Tecnico_SIASUS_2019_07.pdf,Não auditada individualmente; rótulo local/menção textual não comprovam correspondência semântica.
SIASUS,t000_PARR2301,PA_QTDAPR,,,,,,,ftp://ftp.datasus.gov.br/dissemin/publicos/SIASUS/200801_/Doc/Informe_Tecnico_SIASUS_2019_07.pdf,Não auditada individualmente; rótulo local/menção textual não comprovam correspondência semântica.
SIASUS,t000_PARR2301,PA_VALPRO,,,,,,,ftp://ftp.datasus.gov.br/dissemin/publicos/SIASUS/200801_/Doc/Informe_Tecnico_SIASUS_2019_07.pdf,Não auditada individualmente; rótulo local/menção textual não comprovam correspondência semântica.
SIASUS,t000_PARR2301,PA_VALAPR,,,,,,,ftp://ftp.datasus.gov.br/dissemin/publicos/SIASUS/200801_/Doc/Informe_Tecnico_SIASUS_2019_07.pdf,Não auditada individualmente; rótulo local/menção textual não comprovam correspondência semântica.
SIASUS,t000_PARR2301,PA_UFDIF,,,,,,,ftp://ftp.datasus.gov.br/dissemin/publicos/SIASUS/200801_/Doc/Informe_Tecnico_SIASUS_2019_07.pdf,Não auditada individualmente; rótulo local/menção textual não comprovam correspondência semântica.
SIASUS,t000_PARR2301,PA_MNDIF,,,,,,,ftp://ftp.datasus.gov.br/dissemin/publicos/SIASUS/200801_/Doc/Informe_Tecnico_SIASUS_2019_07.pdf,Não auditada individualmente; rótulo local/menção textual não comprovam correspondência semântica.
SIASUS,t000_PARR2301,PA_DIF_VAL,,,,,,,ftp://ftp.datasus.gov.br/dissemin/publicos/SIASUS/200801_/Doc/Informe_Tecnico_SIASUS_2019_07.pdf,Não auditada individualmente; rótulo local/menção textual não comprovam correspondência semântica.
SIASUS,t000_PARR2301,NU_VPA_TOT,,,,,,,ftp://ftp.datasus.gov.br/dissemin/publicos/SIASUS/200801_/Doc/Informe_Tecnico_SIASUS_2019_07.pdf,Não auditada individualmente; rótulo local/menção textual não comprovam correspondência semântica.
SIASUS,t000_PARR2301,NU_PA_TOT,,,,,,,ftp://ftp.datasus.gov.br/dissemin/publicos/SIASUS/200801_/Doc/Informe_Tecnico_SIASUS_2019_07.pdf,Não auditada individualmente; rótulo local/menção textual não comprovam correspondência semântica.
SIASUS,t000_PARR2301,PA_INDICA,,,,,,,ftp://ftp.datasus.gov.br/dissemin/publicos/SIASUS/200801_/Doc/Informe_Tecnico_SIASUS_2019_07.pdf,Não auditada individualmente; rótulo local/menção textual não comprovam correspondência semântica.
SIASUS,t000_PARR2301,PA_CODOCO,,,,,,,ftp://ftp.datasus.gov.br/dissemin/publicos/SIASUS/200801_/Doc/Informe_Tecnico_SIASUS_2019_07.pdf,Não auditada individualmente; rótulo local/menção textual não comprovam correspondência semântica.
SIASUS,t000_PARR2301,PA_FLQT,,,,,,,ftp://ftp.datasus.gov.br/dissemin/publicos/SIASUS/200801_/Doc/Informe_Tecnico_SIASUS_2019_07.pdf,Não auditada individualmente; rótulo local/menção textual não comprovam correspondência semântica.
SIASUS,t000_PARR2301,PA_FLER,,,,,,,ftp://ftp.datasus.gov.br/dissemin/publicos/SIASUS/200801_/Doc/Informe_Tecnico_SIASUS_2019_07.pdf,Não auditada individualmente; rótulo local/menção textual não comprovam correspondência semântica.
SIASUS,t000_PARR2301,PA_ETNIA,,,,,,,ftp://ftp.datasus.gov.br/dissemin/publicos/SIASUS/200801_/Doc/Informe_Tecnico_SIASUS_2019_07.pdf,Não auditada individualmente; rótulo local/menção textual não comprovam correspondência semântica.
SIASUS,t000_PARR2301,PA_VL_CF,,,,,,,ftp://ftp.datasus.gov.br/dissemin/publicos/SIASUS/200801_/Doc/Informe_Tecnico_SIASUS_2019_07.pdf,Não auditada individualmente; rótulo local/menção textual não comprovam correspondência semântica.
SIASUS,t000_PARR2301,PA_VL_CL,,,,,,,ftp://ftp.datasus.gov.br/dissemin/publicos/SIASUS/200801_/Doc/Informe_Tecnico_SIASUS_2019_07.pdf,Não auditada individualmente; rótulo local/menção textual não comprovam correspondência semântica.
SIASUS,t000_PARR2301,PA_VL_INC,,,,,,,ftp://ftp.datasus.gov.br/dissemin/publicos/SIASUS/200801_/Doc/Informe_Tecnico_SIASUS_2019_07.pdf,Não auditada individualmente; rótulo local/menção textual não comprovam correspondência semântica.
SIASUS,t000_PARR2301,PA_SRV_C,,,,,,,,Não auditada individualmente; rótulo local/menção textual não comprovam correspondência semântica.
SIASUS,t000_PARR2301,PA_INE,,,,,,,ftp://ftp.datasus.gov.br/dissemin/publicos/SIASUS/200801_/Doc/Informe_Tecnico_SIASUS_2019_07.pdf,Não auditada individualmente; rótulo local/menção textual não comprovam correspondência semântica.
SIASUS,t000_PARR2301,PA_NAT_JUR,,,,,,,ftp://ftp.datasus.gov.br/dissemin/publicos/SIASUS/200801_/Doc/Informe_Tecnico_SIASUS_2019_07.pdf,Não auditada individualmente; rótulo local/menção textual não comprovam correspondência semântica.
SIHSUS,t000_RDRR2301,UF_ZI,src/omnisus_db/data/dicionarios/sih_rd.yaml,UF do gestor,,,,,ftp://ftp.datasus.gov.br/dissemin/publicos/SIHSUS/200801_/Doc/IT_SIHSUS_1603.pdf,Não auditada individualmente; rótulo local/menção textual não comprovam correspondência semântica.
SIHSUS,t000_RDRR2301,ANO_CMPT,src/omnisus_db/data/dicionarios/sih_rd.yaml,Ano de competência,,,,,ftp://ftp.datasus.gov.br/dissemin/publicos/SIHSUS/200801_/Doc/IT_SIHSUS_1603.pdf,Não auditada individualmente; rótulo local/menção textual não comprovam correspondência semântica.
SIHSUS,t000_RDRR2301,MES_CMPT,src/omnisus_db/data/dicionarios/sih_rd.yaml,Mês de competência,,,,,,Não auditada individualmente; rótulo local/menção textual não comprovam correspondência semântica.
SIHSUS,t000_RDRR2301,ESPEC,src/omnisus_db/data/dicionarios/sih_rd.yaml,Especialidade do leito,,"{""01"": ""Cirúrgico"", ""02"": ""Obstétrico"", ""03"": ""Clínico"", ""04"": ""Crônico (longa permanência)"", ""05"": ""Psiquiatria"", ""06"": ""Pneumologia sanitária"", ""07"": ""Reabilitação"", ""08"": ""Clínico/Cirúrgico"", ""09"": ""Pediatria clínica"", ""10"": ""Pediatria cirúrgica"", ""11"": ""Hospital-dia"", ""12"": ""Psiquiatria hospital-dia""}",,,ftp://ftp.datasus.gov.br/dissemin/publicos/SIHSUS/200801_/Doc/IT_SIHSUS_1603.pdf,Não auditada individualmente; rótulo local/menção textual não comprovam correspondência semântica.
SIHSUS,t000_RDRR2301,CGC_HOSP,src/omnisus_db/data/dicionarios/sih_rd.yaml,CNPJ do hospital,,,,,ftp://ftp.datasus.gov.br/dissemin/publicos/SIHSUS/200801_/Doc/IT_SIHSUS_1603.pdf,Não auditada individualmente; rótulo local/menção textual não comprovam correspondência semântica.
SIHSUS,t000_RDRR2301,N_AIH,src/omnisus_db/data/dicionarios/sih_rd.yaml,Número da AIH,,,,,ftp://ftp.datasus.gov.br/dissemin/publicos/SIHSUS/200801_/Doc/IT_SIHSUS_1603.pdf,Não auditada individualmente; rótulo local/menção textual não comprovam correspondência semântica.
SIHSUS,t000_RDRR2301,IDENT,src/omnisus_db/data/dicionarios/sih_rd.yaml,Tipo da AIH,,"{""1"": ""AIH Principal (tipo 1)"", ""3"": ""AIH de Continuação (tipo 3)"", ""5"": ""AIH Longa permanência (tipo 5)""}",,,ftp://ftp.datasus.gov.br/dissemin/publicos/SIHSUS/200801_/Doc/IT_SIHSUS_1603.pdf,Não auditada individualmente; rótulo local/menção textual não comprovam correspondência semântica.
SIHSUS,t000_RDRR2301,CEP,src/omnisus_db/data/dicionarios/sih_rd.yaml,CEP do paciente,,,,,ftp://ftp.datasus.gov.br/dissemin/publicos/SIHSUS/200801_/Doc/IT_SIHSUS_1603.pdf,Não auditada individualmente; rótulo local/menção textual não comprovam correspondência semântica.
SIHSUS,t000_RDRR2301,MUNIC_RES,src/omnisus_db/data/dicionarios/sih_rd.yaml,Município de residência (IBGE),,,,"[{""fields"": ""munic_res"", ""reference"": {""resource"": ""aux_municipios"", ""fields"": ""codigo_ibge""}}]",ftp://ftp.datasus.gov.br/dissemin/publicos/SIHSUS/200801_/Doc/IT_SIHSUS_1603.pdf,Não auditada individualmente; rótulo local/menção textual não comprovam correspondência semântica.
SIHSUS,t000_RDRR2301,NASC,src/omnisus_db/data/dicionarios/sih_rd.yaml,Data de nascimento,,,yyyyMMdd,,ftp://ftp.datasus.gov.br/dissemin/publicos/SIHSUS/200801_/Doc/IT_SIHSUS_1603.pdf,Não auditada individualmente; rótulo local/menção textual não comprovam correspondência semântica.
SIHSUS,t000_RDRR2301,SEXO,src/omnisus_db/data/dicionarios/sih_rd.yaml,Sexo,,"{""0"": ""Ignorado"", ""1"": ""Masculino"", ""2"": ""Feminino"", ""3"": ""Feminino"", ""9"": ""Ignorado"", ""M"": ""Masculino"", ""F"": ""Feminino"", ""I"": ""Ignorado""}",,,ftp://ftp.datasus.gov.br/dissemin/publicos/SIHSUS/200801_/Doc/IT_SIHSUS_1603.pdf,Não auditada individualmente; rótulo local/menção textual não comprovam correspondência semântica.
SIHSUS,t000_RDRR2301,UTI_MES_IN,src/omnisus_db/data/dicionarios/sih_rd.yaml,Dias UTI mês internação,,,,,ftp://ftp.datasus.gov.br/dissemin/publicos/SIHSUS/200801_/Doc/IT_SIHSUS_1603.pdf,Não auditada individualmente; rótulo local/menção textual não comprovam correspondência semântica.
SIHSUS,t000_RDRR2301,UTI_MES_AN,src/omnisus_db/data/dicionarios/sih_rd.yaml,Dias UTI mês anterior,,,,,ftp://ftp.datasus.gov.br/dissemin/publicos/SIHSUS/200801_/Doc/IT_SIHSUS_1603.pdf,Não auditada individualmente; rótulo local/menção textual não comprovam correspondência semântica.
SIHSUS,t000_RDRR2301,UTI_MES_AL,src/omnisus_db/data/dicionarios/sih_rd.yaml,Dias UTI mês alta,,,,,ftp://ftp.datasus.gov.br/dissemin/publicos/SIHSUS/200801_/Doc/IT_SIHSUS_1603.pdf,Não auditada individualmente; rótulo local/menção textual não comprovam correspondência semântica.
SIHSUS,t000_RDRR2301,UTI_MES_TO,src/omnisus_db/data/dicionarios/sih_rd.yaml,Total dias UTI,,,,,ftp://ftp.datasus.gov.br/dissemin/publicos/SIHSUS/200801_/Doc/IT_SIHSUS_1603.pdf,Não auditada individualmente; rótulo local/menção textual não comprovam correspondência semântica.
SIHSUS,t000_RDRR2301,MARCA_UTI,src/omnisus_db/data/dicionarios/sih_rd.yaml,Tipo de UTI,,"{""00"": ""Não utilizou UTI"", ""01"": ""UTI Adulto tipo I"", ""02"": ""UTI Adulto tipo II"", ""03"": ""UTI Adulto tipo III"", ""04"": ""UTI Infantil tipo I"", ""05"": ""UTI Infantil tipo II"", ""06"": ""UTI Infantil tipo III"", ""07"": ""UTI Neonatal tipo I"", ""08"": ""UTI Neonatal tipo II"", ""09"": ""UTI Neonatal tipo III"", ""10"": ""UTI de Queimados"", ""11"": ""UTI Coronariana tipo II (UCO II)"", ""12"": ""UTI Coronariana tipo III (UCO III)"", ""74"": ""UTI Adulto (antes da tipificação)"", ""75"": ""UTI Infantil (antes da tipificação)"", ""76"": ""UTI Neonatal (antes da tipificação)""}",,,ftp://ftp.datasus.gov.br/dissemin/publicos/SIHSUS/200801_/Doc/IT_SIHSUS_1603.pdf,Não auditada individualmente; rótulo local/menção textual não comprovam correspondência semântica.
SIHSUS,t000_RDRR2301,UTI_INT_IN,src/omnisus_db/data/dicionarios/sih_rd.yaml,Dias UCI mês internação,,,,,ftp://ftp.datasus.gov.br/dissemin/publicos/SIHSUS/200801_/Doc/IT_SIHSUS_1603.pdf,Não auditada individualmente; rótulo local/menção textual não comprovam correspondência semântica.
SIHSUS,t000_RDRR2301,UTI_INT_AN,src/omnisus_db/data/dicionarios/sih_rd.yaml,Dias UCI mês anterior,,,,,ftp://ftp.datasus.gov.br/dissemin/publicos/SIHSUS/200801_/Doc/IT_SIHSUS_1603.pdf,Não auditada individualmente; rótulo local/menção textual não comprovam correspondência semântica.
SIHSUS,t000_RDRR2301,UTI_INT_AL,src/omnisus_db/data/dicionarios/sih_rd.yaml,Dias UCI mês alta,,,,,ftp://ftp.datasus.gov.br/dissemin/publicos/SIHSUS/200801_/Doc/IT_SIHSUS_1603.pdf,Não auditada individualmente; rótulo local/menção textual não comprovam correspondência semântica.
SIHSUS,t000_RDRR2301,UTI_INT_TO,src/omnisus_db/data/dicionarios/sih_rd.yaml,Total dias UCI,,,,,ftp://ftp.datasus.gov.br/dissemin/publicos/SIHSUS/200801_/Doc/IT_SIHSUS_1603.pdf,Não auditada individualmente; rótulo local/menção textual não comprovam correspondência semântica.
SIHSUS,t000_RDRR2301,DIAR_ACOM,src/omnisus_db/data/dicionarios/sih_rd.yaml,Diárias de acompanhante,,,,,ftp://ftp.datasus.gov.br/dissemin/publicos/SIHSUS/200801_/Doc/IT_SIHSUS_1603.pdf,Não auditada individualmente; rótulo local/menção textual não comprovam correspondência semântica.
SIHSUS,t000_RDRR2301,QT_DIARIAS,src/omnisus_db/data/dicionarios/sih_rd.yaml,Diárias cobradas,,,,,ftp://ftp.datasus.gov.br/dissemin/publicos/SIHSUS/200801_/Doc/IT_SIHSUS_1603.pdf,Não auditada individualmente; rótulo local/menção textual não comprovam correspondência semântica.
SIHSUS,t000_RDRR2301,PROC_SOLIC,src/omnisus_db/data/dicionarios/sih_rd.yaml,Procedimento solicitado (SIGTAP),,,,,ftp://ftp.datasus.gov.br/dissemin/publicos/SIHSUS/200801_/Doc/IT_SIHSUS_1603.pdf,Não auditada individualmente; rótulo local/menção textual não comprovam correspondência semântica.
SIHSUS,t000_RDRR2301,PROC_REA,src/omnisus_db/data/dicionarios/sih_rd.yaml,Procedimento realizado (SIGTAP),,,,,ftp://ftp.datasus.gov.br/dissemin/publicos/SIHSUS/200801_/Doc/IT_SIHSUS_1603.pdf,Não auditada individualmente; rótulo local/menção textual não comprovam correspondência semântica.
SIHSUS,t000_RDRR2301,VAL_SH,src/omnisus_db/data/dicionarios/sih_rd.yaml,Valor serviços hospitalares,,,,,ftp://ftp.datasus.gov.br/dissemin/publicos/SIHSUS/200801_/Doc/IT_SIHSUS_1603.pdf,Não auditada individualmente; rótulo local/menção textual não comprovam correspondência semântica.
SIHSUS,t000_RDRR2301,VAL_SP,src/omnisus_db/data/dicionarios/sih_rd.yaml,Valor serviços profissionais,,,,,ftp://ftp.datasus.gov.br/dissemin/publicos/SIHSUS/200801_/Doc/IT_SIHSUS_1603.pdf,Não auditada individualmente; rótulo local/menção textual não comprovam correspondência semântica.
SIHSUS,t000_RDRR2301,VAL_SADT,src/omnisus_db/data/dicionarios/sih_rd.yaml,Valor SADT,,,,,ftp://ftp.datasus.gov.br/dissemin/publicos/SIHSUS/200801_/Doc/IT_SIHSUS_1603.pdf,Não auditada individualmente; rótulo local/menção textual não comprovam correspondência semântica.
SIHSUS,t000_RDRR2301,VAL_RN,src/omnisus_db/data/dicionarios/sih_rd.yaml,Valor recém-nascido,,,,,ftp://ftp.datasus.gov.br/dissemin/publicos/SIHSUS/200801_/Doc/IT_SIHSUS_1603.pdf,Não auditada individualmente; rótulo local/menção textual não comprovam correspondência semântica.
SIHSUS,t000_RDRR2301,VAL_ACOMP,src/omnisus_db/data/dicionarios/sih_rd.yaml,Valor acompanhante,,,,,ftp://ftp.datasus.gov.br/dissemin/publicos/SIHSUS/200801_/Doc/IT_SIHSUS_1603.pdf,Não auditada individualmente; rótulo local/menção textual não comprovam correspondência semântica.
SIHSUS,t000_RDRR2301,VAL_ORTP,src/omnisus_db/data/dicionarios/sih_rd.yaml,Valor órteses/próteses,,,,,ftp://ftp.datasus.gov.br/dissemin/publicos/SIHSUS/200801_/Doc/IT_SIHSUS_1603.pdf,Não auditada individualmente; rótulo local/menção textual não comprovam correspondência semântica.
SIHSUS,t000_RDRR2301,VAL_SANGUE,src/omnisus_db/data/dicionarios/sih_rd.yaml,Valor sangue/hemoderivados,,,,,ftp://ftp.datasus.gov.br/dissemin/publicos/SIHSUS/200801_/Doc/IT_SIHSUS_1603.pdf,Não auditada individualmente; rótulo local/menção textual não comprovam correspondência semântica.
SIHSUS,t000_RDRR2301,VAL_SADTSR,src/omnisus_db/data/dicionarios/sih_rd.yaml,Valor tomografia/ressonância,,,,,ftp://ftp.datasus.gov.br/dissemin/publicos/SIHSUS/200801_/Doc/IT_SIHSUS_1603.pdf,Não auditada individualmente; rótulo local/menção textual não comprovam correspondência semântica.
SIHSUS,t000_RDRR2301,VAL_TRANSP,src/omnisus_db/data/dicionarios/sih_rd.yaml,Valor transplantes,,,,,ftp://ftp.datasus.gov.br/dissemin/publicos/SIHSUS/200801_/Doc/IT_SIHSUS_1603.pdf,Não auditada individualmente; rótulo local/menção textual não comprovam correspondência semântica.
SIHSUS,t000_RDRR2301,VAL_OBSANG,src/omnisus_db/data/dicionarios/sih_rd.yaml,Valor analgesia obstétrica,,,,,ftp://ftp.datasus.gov.br/dissemin/publicos/SIHSUS/200801_/Doc/IT_SIHSUS_1603.pdf,Não auditada individualmente; rótulo local/menção textual não comprovam correspondência semântica.
SIHSUS,t000_RDRR2301,VAL_PED1AC,src/omnisus_db/data/dicionarios/sih_rd.yaml,Valor acompanhante pediatria,,,,,ftp://ftp.datasus.gov.br/dissemin/publicos/SIHSUS/200801_/Doc/IT_SIHSUS_1603.pdf,Não auditada individualmente; rótulo local/menção textual não comprovam correspondência semântica.
SIHSUS,t000_RDRR2301,VAL_TOT,src/omnisus_db/data/dicionarios/sih_rd.yaml,Valor total da AIH,,,,,ftp://ftp.datasus.gov.br/dissemin/publicos/SIHSUS/200801_/Doc/IT_SIHSUS_1603.pdf,Não auditada individualmente; rótulo local/menção textual não comprovam correspondência semântica.
SIHSUS,t000_RDRR2301,VAL_UTI,src/omnisus_db/data/dicionarios/sih_rd.yaml,Valor UTI,,,,,ftp://ftp.datasus.gov.br/dissemin/publicos/SIHSUS/200801_/Doc/IT_SIHSUS_1603.pdf,Não auditada individualmente; rótulo local/menção textual não comprovam correspondência semântica.
SIHSUS,t000_RDRR2301,US_TOT,src/omnisus_db/data/dicionarios/sih_rd.yaml,Valor total (dólar referência),,,,,ftp://ftp.datasus.gov.br/dissemin/publicos/SIHSUS/200801_/Doc/IT_SIHSUS_1603.pdf,Não auditada individualmente; rótulo local/menção textual não comprovam correspondência semântica.
SIHSUS,t000_RDRR2301,DT_INTER,src/omnisus_db/data/dicionarios/sih_rd.yaml,Data de internação,,,yyyyMMdd,,,Não auditada individualmente; rótulo local/menção textual não comprovam correspondência semântica.
SIHSUS,t000_RDRR2301,DT_SAIDA,src/omnisus_db/data/dicionarios/sih_rd.yaml,Data de saída,,,yyyyMMdd,,ftp://ftp.datasus.gov.br/dissemin/publicos/SIHSUS/200801_/Doc/IT_SIHSUS_1603.pdf,Não auditada individualmente; rótulo local/menção textual não comprovam correspondência semântica.
SIHSUS,t000_RDRR2301,DIAG_PRINC,src/omnisus_db/data/dicionarios/sih_rd.yaml,Diagnóstico principal (CID-10),,,,"[{""fields"": ""diag_princ"", ""reference"": {""resource"": ""aux_cid10"", ""fields"": ""codigo""}}]",ftp://ftp.datasus.gov.br/dissemin/publicos/SIHSUS/200801_/Doc/IT_SIHSUS_1603.pdf,Não auditada individualmente; rótulo local/menção textual não comprovam correspondência semântica.
SIHSUS,t000_RDRR2301,DIAG_SECUN,src/omnisus_db/data/dicionarios/sih_rd.yaml,Diagnóstico secundário,,,,"[{""fields"": ""diag_secun"", ""reference"": {""resource"": ""aux_cid10"", ""fields"": ""codigo""}}]",ftp://ftp.datasus.gov.br/dissemin/publicos/SIHSUS/200801_/Doc/IT_SIHSUS_1603.pdf,Não auditada individualmente; rótulo local/menção textual não comprovam correspondência semântica.
SIHSUS,t000_RDRR2301,COBRANCA,src/omnisus_db/data/dicionarios/sih_rd.yaml,Motivo de saída/cobrança,,"{""11"": ""Alta curado"", ""12"": ""Alta melhorado"", ""14"": ""Alta a pedido"", ""15"": ""Alta com previsão de retorno"", ""16"": ""Alta por evasão"", ""18"": ""Alta por outros motivos"", ""19"": ""Alta de paciente agudo em psiquiatria"", ""21"": ""Permanência por característica da doença"", ""22"": ""Permanência por intercorrência"", ""23"": ""Permanência por impossibilidade socio-familiar"", ""24"": ""Permanência por processo de doação de órgãos"", ""25"": ""Permanência por mudança de procedimento"", ""26"": ""Permanência por reoperação"", ""27"": ""Permanência por outros motivos"", ""28"": ""Transferência para outro estab."", ""31"": ""Transferência para internação domiciliar"", ""41"": ""Óbito com DO pelo médico assistente"", ""42"": ""Óbito com DO pelo IML"", ""43"": ""Óbito com DO pelo SVO"", ""51"": ""Encerramento administrativo"", ""61"": ""Alta mãe/puérpera e RN"", ""62"": ""Alta mãe/puérpera e permanência RN"", ""63"": ""Alta mãe/puérpera e óbito RN"", ""64"": ""Alta mãe/puérpera com óbito neonatal"", ""65"": ""Óbito mãe/puérpera e alta RN"", ""66"": ""Óbito mãe/puérpera e permanência RN"", ""67"": ""Óbito mãe/puérpera e óbito RN""}",,,ftp://ftp.datasus.gov.br/dissemin/publicos/SIHSUS/200801_/Doc/IT_SIHSUS_1603.pdf,Não auditada individualmente; rótulo local/menção textual não comprovam correspondência semântica.
SIHSUS,t000_RDRR2301,NATUREZA,src/omnisus_db/data/dicionarios/sih_rd.yaml,Natureza jurídica (antigo),,"{""10"": ""Administração direta da saúde (MS/SES/SMS)"", ""20"": ""Administração direta de outros órgãos"", ""30"": ""Administração indireta — Autarquias"", ""40"": ""Administração indireta — Fundações públicas"", ""50"": ""Administração indireta — Empresa pública"", ""60"": ""Administração indireta — Org. social pública"", ""61"": ""Entidade beneficente sem fins lucrativos"", ""70"": ""Entidade empresarial"", ""80"": ""Entidade sem fins lucrativos""}",,,ftp://ftp.datasus.gov.br/dissemin/publicos/SIHSUS/200801_/Doc/IT_SIHSUS_1603.pdf,Não auditada individualmente; rótulo local/menção textual não comprovam correspondência semântica.
SIHSUS,t000_RDRR2301,NAT_JUR,src/omnisus_db/data/dicionarios/sih_rd.yaml,Natureza jurídica (CONCLA),,,,,ftp://ftp.datasus.gov.br/dissemin/publicos/SIHSUS/200801_/Doc/IT_SIHSUS_1603.pdf,Não auditada individualmente; rótulo local/menção textual não comprovam correspondência semântica.
SIHSUS,t000_RDRR2301,GESTAO,src/omnisus_db/data/dicionarios/sih_rd.yaml,Tipo de gestão,,"{""0"": ""Estadual"", ""1"": ""Municipal"", ""2"": ""Estadual plena"", ""3"": ""Municipal plena (NOAS)"", ""4"": ""Municipal plena (NOB)""}",,,,Não auditada individualmente; rótulo local/menção textual não comprovam correspondência semântica.
SIHSUS,t000_RDRR2301,RUBRICA,src/omnisus_db/data/dicionarios/sih_rd.yaml,Rubrica orçamentária,,,,,ftp://ftp.datasus.gov.br/dissemin/publicos/SIHSUS/200801_/Doc/IT_SIHSUS_1603.pdf,Não auditada individualmente; rótulo local/menção textual não comprovam correspondência semântica.
SIHSUS,t000_RDRR2301,IND_VDRL,src/omnisus_db/data/dicionarios/sih_rd.yaml,Exame VDRL (sífilis),,"{""0"": ""Não realizado"", ""1"": ""Reagente (positivo)"", ""2"": ""Não reagente (negativo)"", ""9"": ""Ignorado""}",,,ftp://ftp.datasus.gov.br/dissemin/publicos/SIHSUS/200801_/Doc/IT_SIHSUS_1603.pdf,Não auditada individualmente; rótulo local/menção textual não comprovam correspondência semântica.
SIHSUS,t000_RDRR2301,MUNIC_MOV,src/omnisus_db/data/dicionarios/sih_rd.yaml,Município do hospital (IBGE),,,,"[{""fields"": ""munic_mov"", ""reference"": {""resource"": ""aux_municipios"", ""fields"": ""codigo_ibge""}}]",ftp://ftp.datasus.gov.br/dissemin/publicos/SIHSUS/200801_/Doc/IT_SIHSUS_1603.pdf,Não auditada individualmente; rótulo local/menção textual não comprovam correspondência semântica.
SIHSUS,t000_RDRR2301,COD_IDADE,src/omnisus_db/data/dicionarios/sih_rd.yaml,Unidade da idade,,"{""0"": ""Ignorada"", ""2"": ""Dias"", ""3"": ""Meses"", ""4"": ""Anos"", ""5"": ""Mais de 100 anos""}",,,ftp://ftp.datasus.gov.br/dissemin/publicos/SIHSUS/200801_/Doc/IT_SIHSUS_1603.pdf,Não auditada individualmente; rótulo local/menção textual não comprovam correspondência semântica.
SIHSUS,t000_RDRR2301,IDADE,src/omnisus_db/data/dicionarios/sih_rd.yaml,Idade,,,idade_sih,,ftp://ftp.datasus.gov.br/dissemin/publicos/SIHSUS/200801_/Doc/IT_SIHSUS_1603.pdf,Não auditada individualmente; rótulo local/menção textual não comprovam correspondência semântica.
SIHSUS,t000_RDRR2301,DIAS_PERM,src/omnisus_db/data/dicionarios/sih_rd.yaml,Dias de permanência,,,,,ftp://ftp.datasus.gov.br/dissemin/publicos/SIHSUS/200801_/Doc/IT_SIHSUS_1603.pdf,Não auditada individualmente; rótulo local/menção textual não comprovam correspondência semântica.
SIHSUS,t000_RDRR2301,MORTE,src/omnisus_db/data/dicionarios/sih_rd.yaml,Óbito,,"{""0"": ""Não"", ""1"": ""Sim""}",,,ftp://ftp.datasus.gov.br/dissemin/publicos/SIHSUS/200801_/Doc/IT_SIHSUS_1603.pdf,Não auditada individualmente; rótulo local/menção textual não comprovam correspondência semântica.
SIHSUS,t000_RDRR2301,NACIONAL,src/omnisus_db/data/dicionarios/sih_rd.yaml,Nacionalidade,,,,,ftp://ftp.datasus.gov.br/dissemin/publicos/SIHSUS/200801_/Doc/IT_SIHSUS_1603.pdf,Não auditada individualmente; rótulo local/menção textual não comprovam correspondência semântica.
SIHSUS,t000_RDRR2301,NUM_PROC,src/omnisus_db/data/dicionarios/sih_rd.yaml,Número do processamento,,,,,ftp://ftp.datasus.gov.br/dissemin/publicos/SIHSUS/200801_/Doc/IT_SIHSUS_1603.pdf,Não auditada individualmente; rótulo local/menção textual não comprovam correspondência semântica.
SIHSUS,t000_RDRR2301,CAR_INT,src/omnisus_db/data/dicionarios/sih_rd.yaml,Caráter da internação,,"{""01"": ""Eletiva"", ""02"": ""Urgência"", ""03"": ""Acidente no local de trabalho"", ""04"": ""Acidente no trajeto p/ trabalho"", ""05"": ""Outros acidentes de trânsito"", ""06"": ""Outras causas externas"", ""1"": ""Eletiva"", ""2"": ""Urgência""}",,,ftp://ftp.datasus.gov.br/dissemin/publicos/SIHSUS/200801_/Doc/IT_SIHSUS_1603.pdf,Não auditada individualmente; rótulo local/menção textual não comprovam correspondência semântica.
SIHSUS,t000_RDRR2301,TOT_PT_SP,src/omnisus_db/data/dicionarios/sih_rd.yaml,Total pontos serviços profissionais,,,,,ftp://ftp.datasus.gov.br/dissemin/publicos/SIHSUS/200801_/Doc/IT_SIHSUS_1603.pdf,Não auditada individualmente; rótulo local/menção textual não comprovam correspondência semântica.
SIHSUS,t000_RDRR2301,CPF_AUT,src/omnisus_db/data/dicionarios/sih_rd.yaml,CPF do autorizador,,,,,ftp://ftp.datasus.gov.br/dissemin/publicos/SIHSUS/200801_/Doc/IT_SIHSUS_1603.pdf,Não auditada individualmente; rótulo local/menção textual não comprovam correspondência semântica.
SIHSUS,t000_RDRR2301,HOMONIMO,src/omnisus_db/data/dicionarios/sih_rd.yaml,Homônimo,,"{""0"": ""Não"", ""1"": ""Sim""}",,,ftp://ftp.datasus.gov.br/dissemin/publicos/SIHSUS/200801_/Doc/IT_SIHSUS_1603.pdf,Não auditada individualmente; rótulo local/menção textual não comprovam correspondência semântica.
SIHSUS,t000_RDRR2301,NUM_FILHOS,src/omnisus_db/data/dicionarios/sih_rd.yaml,Número de filhos,,,,,ftp://ftp.datasus.gov.br/dissemin/publicos/SIHSUS/200801_/Doc/IT_SIHSUS_1603.pdf,Não auditada individualmente; rótulo local/menção textual não comprovam correspondência semântica.
SIHSUS,t000_RDRR2301,INSTRU,src/omnisus_db/data/dicionarios/sih_rd.yaml,Grau de instrução,,"{""0"": ""Ignorado"", ""1"": ""Analfabeto"", ""2"": ""Ensino Fundamental"", ""3"": ""Ensino Médio"", ""4"": ""Ensino Superior"", ""9"": ""Ignorado""}",,,ftp://ftp.datasus.gov.br/dissemin/publicos/SIHSUS/200801_/Doc/IT_SIHSUS_1603.pdf,Não auditada individualmente; rótulo local/menção textual não comprovam correspondência semântica.
SIHSUS,t000_RDRR2301,CID_NOTIF,src/omnisus_db/data/dicionarios/sih_rd.yaml,CID notificação compulsória,,,,,ftp://ftp.datasus.gov.br/dissemin/publicos/SIHSUS/200801_/Doc/IT_SIHSUS_1603.pdf,Não auditada individualmente; rótulo local/menção textual não comprovam correspondência semântica.
SIHSUS,t000_RDRR2301,CONTRACEP1,src/omnisus_db/data/dicionarios/sih_rd.yaml,1º método contraceptivo,,,,,ftp://ftp.datasus.gov.br/dissemin/publicos/SIHSUS/200801_/Doc/IT_SIHSUS_1603.pdf,Não auditada individualmente; rótulo local/menção textual não comprovam correspondência semântica.
SIHSUS,t000_RDRR2301,CONTRACEP2,src/omnisus_db/data/dicionarios/sih_rd.yaml,2º método contraceptivo,,,,,ftp://ftp.datasus.gov.br/dissemin/publicos/SIHSUS/200801_/Doc/IT_SIHSUS_1603.pdf,Não auditada individualmente; rótulo local/menção textual não comprovam correspondência semântica.
SIHSUS,t000_RDRR2301,GESTRISCO,src/omnisus_db/data/dicionarios/sih_rd.yaml,Gestante alto risco,,"{""0"": ""Não"", ""1"": ""Sim""}",,,ftp://ftp.datasus.gov.br/dissemin/publicos/SIHSUS/200801_/Doc/IT_SIHSUS_1603.pdf,Não auditada individualmente; rótulo local/menção textual não comprovam correspondência semântica.
SIHSUS,t000_RDRR2301,INSC_PN,src/omnisus_db/data/dicionarios/sih_rd.yaml,Inscrição pré-natal,,,,,ftp://ftp.datasus.gov.br/dissemin/publicos/SIHSUS/200801_/Doc/IT_SIHSUS_1603.pdf,Não auditada individualmente; rótulo local/menção textual não comprovam correspondência semântica.
SIHSUS,t000_RDRR2301,SEQ_AIH5,src/omnisus_db/data/dicionarios/sih_rd.yaml,Sequencial longa permanência,,,,,ftp://ftp.datasus.gov.br/dissemin/publicos/SIHSUS/200801_/Doc/IT_SIHSUS_1603.pdf,Não auditada individualmente; rótulo local/menção textual não comprovam correspondência semântica.
SIHSUS,t000_RDRR2301,CBOR,src/omnisus_db/data/dicionarios/sih_rd.yaml,Ocupação (CBO),,,,,ftp://ftp.datasus.gov.br/dissemin/publicos/SIHSUS/200801_/Doc/IT_SIHSUS_1603.pdf,Não auditada individualmente; rótulo local/menção textual não comprovam correspondência semântica.
SIHSUS,t000_RDRR2301,CNAER,src/omnisus_db/data/dicionarios/sih_rd.yaml,CNAE (acidente de trabalho),,,,,ftp://ftp.datasus.gov.br/dissemin/publicos/SIHSUS/200801_/Doc/IT_SIHSUS_1603.pdf,Não auditada individualmente; rótulo local/menção textual não comprovam correspondência semântica.
SIHSUS,t000_RDRR2301,VINCPREV,src/omnisus_db/data/dicionarios/sih_rd.yaml,Vínculo previdenciário,,"{""1"": ""Previdência social"", ""2"": ""Não"", ""9"": ""Ignorado""}",,,ftp://ftp.datasus.gov.br/dissemin/publicos/SIHSUS/200801_/Doc/IT_SIHSUS_1603.pdf,Não auditada individualmente; rótulo local/menção textual não comprovam correspondência semântica.
SIHSUS,t000_RDRR2301,GESTOR_COD,src/omnisus_db/data/dicionarios/sih_rd.yaml,Código motivo autorização,,,,,ftp://ftp.datasus.gov.br/dissemin/publicos/SIHSUS/200801_/Doc/IT_SIHSUS_1603.pdf,Não auditada individualmente; rótulo local/menção textual não comprovam correspondência semântica.
SIHSUS,t000_RDRR2301,GESTOR_TP,src/omnisus_db/data/dicionarios/sih_rd.yaml,Tipo gestor autorizador,,"{""0"": ""Sem autorização"", ""1"": ""Auditor"", ""2"": ""Autorizador""}",,,ftp://ftp.datasus.gov.br/dissemin/publicos/SIHSUS/200801_/Doc/IT_SIHSUS_1603.pdf,Não auditada individualmente; rótulo local/menção textual não comprovam correspondência semântica.
SIHSUS,t000_RDRR2301,GESTOR_CPF,src/omnisus_db/data/dicionarios/sih_rd.yaml,CPF do gestor,,,,,ftp://ftp.datasus.gov.br/dissemin/publicos/SIHSUS/200801_/Doc/IT_SIHSUS_1603.pdf,Não auditada individualmente; rótulo local/menção textual não comprovam correspondência semântica.
SIHSUS,t000_RDRR2301,GESTOR_DT,src/omnisus_db/data/dicionarios/sih_rd.yaml,Data de autorização,,,yyyyMMdd,,ftp://ftp.datasus.gov.br/dissemin/publicos/SIHSUS/200801_/Doc/IT_SIHSUS_1603.pdf,Não auditada individualmente; rótulo local/menção textual não comprovam correspondência semântica.
SIHSUS,t000_RDRR2301,CNES,src/omnisus_db/data/dicionarios/sih_rd.yaml,CNES do hospital,"Código CNES do hospital (7 dígitos). O nome resolve via
``aux_cnes`` quando ``import_cnes_master()`` foi rodado.
",,,"[{""fields"": ""cnes"", ""reference"": {""resource"": ""aux_cnes"", ""fields"": ""cnes""}}]",ftp://ftp.datasus.gov.br/dissemin/publicos/SIHSUS/200801_/Doc/IT_SIHSUS_1603.pdf,Não auditada individualmente; rótulo local/menção textual não comprovam correspondência semântica.
SIHSUS,t000_RDRR2301,CNPJ_MANT,src/omnisus_db/data/dicionarios/sih_rd.yaml,CNPJ da mantenedora,,,,,ftp://ftp.datasus.gov.br/dissemin/publicos/SIHSUS/200801_/Doc/IT_SIHSUS_1603.pdf,Não auditada individualmente; rótulo local/menção textual não comprovam correspondência semântica.
SIHSUS,t000_RDRR2301,INFEHOSP,src/omnisus_db/data/dicionarios/sih_rd.yaml,Infecção hospitalar,,"{""0"": ""Não"", ""1"": ""Sim""}",,,ftp://ftp.datasus.gov.br/dissemin/publicos/SIHSUS/200801_/Doc/IT_SIHSUS_1603.pdf,Não auditada individualmente; rótulo local/menção textual não comprovam correspondência semântica.
SIHSUS,t000_RDRR2301,CID_ASSO,src/omnisus_db/data/dicionarios/sih_rd.yaml,CID causa associada,,,,"[{""fields"": ""cid_asso"", ""reference"": {""resource"": ""aux_cid10"", ""fields"": ""codigo""}}]",ftp://ftp.datasus.gov.br/dissemin/publicos/SIHSUS/200801_/Doc/IT_SIHSUS_1603.pdf,Não auditada individualmente; rótulo local/menção textual não comprovam correspondência semântica.
SIHSUS,t000_RDRR2301,CID_MORTE,src/omnisus_db/data/dicionarios/sih_rd.yaml,CID causa da morte,,,,"[{""fields"": ""cid_morte"", ""reference"": {""resource"": ""aux_cid10"", ""fields"": ""codigo""}}]",ftp://ftp.datasus.gov.br/dissemin/publicos/SIHSUS/200801_/Doc/IT_SIHSUS_1603.pdf,Não auditada individualmente; rótulo local/menção textual não comprovam correspondência semântica.
SIHSUS,t000_RDRR2301,COMPLEX,src/omnisus_db/data/dicionarios/sih_rd.yaml,Complexidade,,"{""01"": ""Atenção básica"", ""02"": ""Média complexidade"", ""03"": ""Alta complexidade"", ""05"": ""Não se aplica""}",,,ftp://ftp.datasus.gov.br/dissemin/publicos/SIHSUS/200801_/Doc/IT_SIHSUS_1603.pdf,Não auditada individualmente; rótulo local/menção textual não comprovam correspondência semântica.
SIHSUS,t000_RDRR2301,FINANC,src/omnisus_db/data/dicionarios/sih_rd.yaml,Tipo de financiamento,,"{""01"": ""PAB — Piso da Atenção Básica"", ""02"": ""MAC (antigo)"", ""04"": ""FAEC — Fundo de Ações Estratégicas"", ""05"": ""Incentivo MAC"", ""06"": ""MAC — Média e Alta Complexidade"", ""07"": ""Incentivo FAEC""}",,,ftp://ftp.datasus.gov.br/dissemin/publicos/SIHSUS/200801_/Doc/IT_SIHSUS_1603.pdf,Não auditada individualmente; rótulo local/menção textual não comprovam correspondência semântica.
SIHSUS,t000_RDRR2301,FAEC_TP,src/omnisus_db/data/dicionarios/sih_rd.yaml,Subtipo FAEC,,,,,ftp://ftp.datasus.gov.br/dissemin/publicos/SIHSUS/200801_/Doc/IT_SIHSUS_1603.pdf,Não auditada individualmente; rótulo local/menção textual não comprovam correspondência semântica.
SIHSUS,t000_RDRR2301,REGCT,src/omnisus_db/data/dicionarios/sih_rd.yaml,Regra contratual,,,,,ftp://ftp.datasus.gov.br/dissemin/publicos/SIHSUS/200801_/Doc/IT_SIHSUS_1603.pdf,Não auditada individualmente; rótulo local/menção textual não comprovam correspondência semântica.
SIHSUS,t000_RDRR2301,RACA_COR,src/omnisus_db/data/dicionarios/sih_rd.yaml,Raça/cor,,"{""01"": ""Branca"", ""02"": ""Preta"", ""03"": ""Parda"", ""04"": ""Amarela"", ""05"": ""Indígena"", ""1"": ""Branca"", ""2"": ""Preta"", ""3"": ""Parda"", ""4"": ""Amarela"", ""5"": ""Indígena"", ""99"": ""Sem informação""}",,,ftp://ftp.datasus.gov.br/dissemin/publicos/SIHSUS/200801_/Doc/IT_SIHSUS_1603.pdf,Não auditada individualmente; rótulo local/menção textual não comprovam correspondência semântica.
SIHSUS,t000_RDRR2301,ETNIA,src/omnisus_db/data/dicionarios/sih_rd.yaml,Etnia (se indígena),,,,,ftp://ftp.datasus.gov.br/dissemin/publicos/SIHSUS/200801_/Doc/IT_SIHSUS_1603.pdf,Não auditada individualmente; rótulo local/menção textual não comprovam correspondência semântica.
SIHSUS,t000_RDRR2301,SEQUENCIA,src/omnisus_db/data/dicionarios/sih_rd.yaml,Sequencial na remessa,,,,,ftp://ftp.datasus.gov.br/dissemin/publicos/SIHSUS/200801_/Doc/IT_SIHSUS_1603.pdf,Não auditada individualmente; rótulo local/menção textual não comprovam correspondência semântica.
SIHSUS,t000_RDRR2301,REMESSA,src/omnisus_db/data/dicionarios/sih_rd.yaml,Número da remessa,,,,,ftp://ftp.datasus.gov.br/dissemin/publicos/SIHSUS/200801_/Doc/IT_SIHSUS_1603.pdf,Não auditada individualmente; rótulo local/menção textual não comprovam correspondência semântica.
SIHSUS,t000_RDRR2301,AUD_JUST,src/omnisus_db/data/dicionarios/sih_rd.yaml,Justificativa do auditor,,,,,ftp://ftp.datasus.gov.br/dissemin/publicos/SIHSUS/200801_/Doc/IT_SIHSUS_1603.pdf,Não auditada individualmente; rótulo local/menção textual não comprovam correspondência semântica.
SIHSUS,t000_RDRR2301,SIS_JUST,src/omnisus_db/data/dicionarios/sih_rd.yaml,Justificativa do sistema,,,,,ftp://ftp.datasus.gov.br/dissemin/publicos/SIHSUS/200801_/Doc/IT_SIHSUS_1603.pdf,Não auditada individualmente; rótulo local/menção textual não comprovam correspondência semântica.
SIHSUS,t000_RDRR2301,VAL_SH_FED,src/omnisus_db/data/dicionarios/sih_rd.yaml,Complemento federal — SH,,,,,ftp://ftp.datasus.gov.br/dissemin/publicos/SIHSUS/200801_/Doc/IT_SIHSUS_1603.pdf,Não auditada individualmente; rótulo local/menção textual não comprovam correspondência semântica.
SIHSUS,t000_RDRR2301,VAL_SP_FED,src/omnisus_db/data/dicionarios/sih_rd.yaml,Complemento federal — SP,,,,,ftp://ftp.datasus.gov.br/dissemin/publicos/SIHSUS/200801_/Doc/IT_SIHSUS_1603.pdf,Não auditada individualmente; rótulo local/menção textual não comprovam correspondência semântica.
SIHSUS,t000_RDRR2301,VAL_SH_GES,src/omnisus_db/data/dicionarios/sih_rd.yaml,Complemento gestor — SH,,,,,ftp://ftp.datasus.gov.br/dissemin/publicos/SIHSUS/200801_/Doc/IT_SIHSUS_1603.pdf,Não auditada individualmente; rótulo local/menção textual não comprovam correspondência semântica.
SIHSUS,t000_RDRR2301,VAL_SP_GES,src/omnisus_db/data/dicionarios/sih_rd.yaml,Complemento gestor — SP,,,,,ftp://ftp.datasus.gov.br/dissemin/publicos/SIHSUS/200801_/Doc/IT_SIHSUS_1603.pdf,Não auditada individualmente; rótulo local/menção textual não comprovam correspondência semântica.
SIHSUS,t000_RDRR2301,VAL_UCI,src/omnisus_db/data/dicionarios/sih_rd.yaml,Valor UCI,,,,,ftp://ftp.datasus.gov.br/dissemin/publicos/SIHSUS/200801_/Doc/IT_SIHSUS_1603.pdf,Não auditada individualmente; rótulo local/menção textual não comprovam correspondência semântica.
SIHSUS,t000_RDRR2301,MARCA_UCI,src/omnisus_db/data/dicionarios/sih_rd.yaml,Tipo de UCI,,"{""51"": ""UCI Adulto"", ""52"": ""UCI Pediátrica/Neonatal convencional"", ""53"": ""UCI Neonatal canguru""}",,,ftp://ftp.datasus.gov.br/dissemin/publicos/SIHSUS/200801_/Doc/IT_SIHSUS_1603.pdf,Não auditada individualmente; rótulo local/menção textual não comprovam correspondência semântica.
SIHSUS,t000_RDRR2301,DIAGSEC1,,,,,,,ftp://ftp.datasus.gov.br/dissemin/publicos/SIHSUS/200801_/Doc/IT_SIHSUS_1603.pdf,Não auditada individualmente; rótulo local/menção textual não comprovam correspondência semântica.
SIHSUS,t000_RDRR2301,DIAGSEC2,,,,,,,ftp://ftp.datasus.gov.br/dissemin/publicos/SIHSUS/200801_/Doc/IT_SIHSUS_1603.pdf,Não auditada individualmente; rótulo local/menção textual não comprovam correspondência semântica.
SIHSUS,t000_RDRR2301,DIAGSEC3,,,,,,,ftp://ftp.datasus.gov.br/dissemin/publicos/SIHSUS/200801_/Doc/IT_SIHSUS_1603.pdf,Não auditada individualmente; rótulo local/menção textual não comprovam correspondência semântica.
SIHSUS,t000_RDRR2301,DIAGSEC4,,,,,,,ftp://ftp.datasus.gov.br/dissemin/publicos/SIHSUS/200801_/Doc/IT_SIHSUS_1603.pdf,Não auditada individualmente; rótulo local/menção textual não comprovam correspondência semântica.
SIHSUS,t000_RDRR2301,DIAGSEC5,,,,,,,ftp://ftp.datasus.gov.br/dissemin/publicos/SIHSUS/200801_/Doc/IT_SIHSUS_1603.pdf,Não auditada individualmente; rótulo local/menção textual não comprovam correspondência semântica.
SIHSUS,t000_RDRR2301,DIAGSEC6,,,,,,,ftp://ftp.datasus.gov.br/dissemin/publicos/SIHSUS/200801_/Doc/IT_SIHSUS_1603.pdf,Não auditada individualmente; rótulo local/menção textual não comprovam correspondência semântica.
SIHSUS,t000_RDRR2301,DIAGSEC7,,,,,,,ftp://ftp.datasus.gov.br/dissemin/publicos/SIHSUS/200801_/Doc/IT_SIHSUS_1603.pdf,Não auditada individualmente; rótulo local/menção textual não comprovam correspondência semântica.
SIHSUS,t000_RDRR2301,DIAGSEC8,,,,,,,ftp://ftp.datasus.gov.br/dissemin/publicos/SIHSUS/200801_/Doc/IT_SIHSUS_1603.pdf,Não auditada individualmente; rótulo local/menção textual não comprovam correspondência semântica.
SIHSUS,t000_RDRR2301,DIAGSEC9,,,,,,,ftp://ftp.datasus.gov.br/dissemin/publicos/SIHSUS/200801_/Doc/IT_SIHSUS_1603.pdf,Não auditada individualmente; rótulo local/menção textual não comprovam correspondência semântica.
SIHSUS,t000_RDRR2301,TPDISEC1,,,,,,,ftp://ftp.datasus.gov.br/dissemin/publicos/SIHSUS/200801_/Doc/IT_SIHSUS_1603.pdf,Não auditada individualmente; rótulo local/menção textual não comprovam correspondência semântica.
SIHSUS,t000_RDRR2301,TPDISEC2,,,,,,,ftp://ftp.datasus.gov.br/dissemin/publicos/SIHSUS/200801_/Doc/IT_SIHSUS_1603.pdf,Não auditada individualmente; rótulo local/menção textual não comprovam correspondência semântica.
SIHSUS,t000_RDRR2301,TPDISEC3,,,,,,,ftp://ftp.datasus.gov.br/dissemin/publicos/SIHSUS/200801_/Doc/IT_SIHSUS_1603.pdf,Não auditada individualmente; rótulo local/menção textual não comprovam correspondência semântica.
SIHSUS,t000_RDRR2301,TPDISEC4,,,,,,,ftp://ftp.datasus.gov.br/dissemin/publicos/SIHSUS/200801_/Doc/IT_SIHSUS_1603.pdf,Não auditada individualmente; rótulo local/menção textual não comprovam correspondência semântica.
SIHSUS,t000_RDRR2301,TPDISEC5,,,,,,,ftp://ftp.datasus.gov.br/dissemin/publicos/SIHSUS/200801_/Doc/IT_SIHSUS_1603.pdf,Não auditada individualmente; rótulo local/menção textual não comprovam correspondência semântica.
SIHSUS,t000_RDRR2301,TPDISEC6,,,,,,,ftp://ftp.datasus.gov.br/dissemin/publicos/SIHSUS/200801_/Doc/IT_SIHSUS_1603.pdf,Não auditada individualmente; rótulo local/menção textual não comprovam correspondência semântica.
SIHSUS,t000_RDRR2301,TPDISEC7,,,,,,,ftp://ftp.datasus.gov.br/dissemin/publicos/SIHSUS/200801_/Doc/IT_SIHSUS_1603.pdf,Não auditada individualmente; rótulo local/menção textual não comprovam correspondência semântica.
SIHSUS,t000_RDRR2301,TPDISEC8,,,,,,,ftp://ftp.datasus.gov.br/dissemin/publicos/SIHSUS/200801_/Doc/IT_SIHSUS_1603.pdf,Não auditada individualmente; rótulo local/menção textual não comprovam correspondência semântica.
SIHSUS,t000_RDRR2301,TPDISEC9,,,,,,,ftp://ftp.datasus.gov.br/dissemin/publicos/SIHSUS/200801_/Doc/IT_SIHSUS_1603.pdf,Não auditada individualmente; rótulo local/menção textual não comprovam correspondência semântica.
SIM,t000_DORR2023,ORIGEM,src/omnisus_db/data/dicionarios/sim_do.yaml,Origem,,"{""1"": ""Oracle"", ""2"": ""Banco estadual via FTP"", ""3"": ""Banco SEADE"", ""9"": ""Ignorado""}",,,ftp://ftp.datasus.gov.br/dissemin/publicos/SIM/CID10/DOCS/Estrutura_do_SIM_2025.pdf,Não auditada individualmente; rótulo local/menção textual não comprovam correspondência semântica.
SIM,t000_DORR2023,TIPOBITO,src/omnisus_db/data/dicionarios/sim_do.yaml,Tipo do óbito,,"{""1"": ""Fetal"", ""2"": ""Não fetal""}",,,ftp://ftp.datasus.gov.br/dissemin/publicos/SIM/CID10/DOCS/Estrutura_do_SIM_2025.pdf,Não auditada individualmente; rótulo local/menção textual não comprovam correspondência semântica.
SIM,t000_DORR2023,DTOBITO,src/omnisus_db/data/dicionarios/sim_do.yaml,Data do óbito,,,ddMMyyyy,,ftp://ftp.datasus.gov.br/dissemin/publicos/SIM/CID10/DOCS/Estrutura_do_SIM_2025.pdf,Não auditada individualmente; rótulo local/menção textual não comprovam correspondência semântica.
SIM,t000_DORR2023,HORAOBITO,src/omnisus_db/data/dicionarios/sim_do.yaml,Hora do óbito,,,time_hhmm,,ftp://ftp.datasus.gov.br/dissemin/publicos/SIM/CID10/DOCS/Estrutura_do_SIM_2025.pdf,Não auditada individualmente; rótulo local/menção textual não comprovam correspondência semântica.
SIM,t000_DORR2023,NATURAL,src/omnisus_db/data/dicionarios/sim_do.yaml,Naturalidade,"Município/UF de naturalidade. Se estrangeiro, código do país.",,,,ftp://ftp.datasus.gov.br/dissemin/publicos/SIM/CID10/DOCS/Estrutura_do_SIM_2025.pdf,Não auditada individualmente; rótulo local/menção textual não comprovam correspondência semântica.
SIM,t000_DORR2023,CODMUNNATU,src/omnisus_db/data/dicionarios/sim_do.yaml,Município de naturalidade,,,,"[{""fields"": ""codmunnatu"", ""reference"": {""resource"": ""aux_municipios"", ""fields"": ""codigo_ibge""}}]",ftp://ftp.datasus.gov.br/dissemin/publicos/SIM/CID10/DOCS/Estrutura_do_SIM_2025.pdf,Não auditada individualmente; rótulo local/menção textual não comprovam correspondência semântica.
SIM,t000_DORR2023,DTNASC,src/omnisus_db/data/dicionarios/sim_do.yaml,Data de nascimento,,,ddMMyyyy,,ftp://ftp.datasus.gov.br/dissemin/publicos/SIM/CID10/DOCS/Estrutura_do_SIM_2025.pdf,Não auditada individualmente; rótulo local/menção textual não comprovam correspondência semântica.
SIM,t000_DORR2023,IDADE,src/omnisus_db/data/dicionarios/sim_do.yaml,Idade,,,idade_sim,,ftp://ftp.datasus.gov.br/dissemin/publicos/SIM/CID10/DOCS/Estrutura_do_SIM_2025.pdf,Não auditada individualmente; rótulo local/menção textual não comprovam correspondência semântica.
SIM,t000_DORR2023,SEXO,src/omnisus_db/data/dicionarios/sim_do.yaml,Sexo,,"{""0"": ""Ignorado"", ""1"": ""Masculino"", ""2"": ""Feminino"", ""9"": ""Ignorado"", ""M"": ""Masculino"", ""F"": ""Feminino"", ""I"": ""Ignorado""}",,,ftp://ftp.datasus.gov.br/dissemin/publicos/SIM/CID10/DOCS/Estrutura_do_SIM_2025.pdf,Não auditada individualmente; rótulo local/menção textual não comprovam correspondência semântica.
SIM,t000_DORR2023,RACACOR,src/omnisus_db/data/dicionarios/sim_do.yaml,Raça/cor,,"{""1"": ""Branca"", ""2"": ""Preta"", ""3"": ""Amarela"", ""4"": ""Parda"", ""5"": ""Indígena""}",,,ftp://ftp.datasus.gov.br/dissemin/publicos/SIM/CID10/DOCS/Estrutura_do_SIM_2025.pdf,Não auditada individualmente; rótulo local/menção textual não comprovam correspondência semântica.
SIM,t000_DORR2023,ESTCIV,src/omnisus_db/data/dicionarios/sim_do.yaml,Situação conjugal,,"{""1"": ""Solteiro"", ""2"": ""Casado"", ""3"": ""Viúvo"", ""4"": ""Separado/Divorciado"", ""5"": ""União estável"", ""9"": ""Ignorado""}",,,ftp://ftp.datasus.gov.br/dissemin/publicos/SIM/CID10/DOCS/Estrutura_do_SIM_2025.pdf,Não auditada individualmente; rótulo local/menção textual não comprovam correspondência semântica.
SIM,t000_DORR2023,ESC,src/omnisus_db/data/dicionarios/sim_do.yaml,Escolaridade (antigo),,"{""1"": ""Nenhuma"", ""2"": ""1 a 3 anos"", ""3"": ""4 a 7 anos"", ""4"": ""8 a 11 anos"", ""5"": ""12+ anos"", ""9"": ""Ignorado""}",,,ftp://ftp.datasus.gov.br/dissemin/publicos/SIM/CID10/DOCS/Estrutura_do_SIM_2025.pdf,Não auditada individualmente; rótulo local/menção textual não comprovam correspondência semântica.
SIM,t000_DORR2023,ESC2010,src/omnisus_db/data/dicionarios/sim_do.yaml,Escolaridade (2010),,"{""0"": ""Sem escolaridade"", ""1"": ""Fundamental I (1-5 ano)"", ""2"": ""Fundamental II (6-9 ano)"", ""3"": ""Médio"", ""4"": ""Superior incompleto"", ""5"": ""Superior completo"", ""9"": ""Ignorado""}",,,ftp://ftp.datasus.gov.br/dissemin/publicos/SIM/CID10/DOCS/Estrutura_do_SIM_2025.pdf,Não auditada individualmente; rótulo local/menção textual não comprovam correspondência semântica.
SIM,t000_DORR2023,SERIESCFAL,src/omnisus_db/data/dicionarios/sim_do.yaml,Escolaridade (série),,,,,ftp://ftp.datasus.gov.br/dissemin/publicos/SIM/CID10/DOCS/Estrutura_do_SIM_2025.pdf,Não auditada individualmente; rótulo local/menção textual não comprovam correspondência semântica.
SIM,t000_DORR2023,OCUP,src/omnisus_db/data/dicionarios/sim_do.yaml,Ocupação habitual,Código CBO 2002.,,,,ftp://ftp.datasus.gov.br/dissemin/publicos/SIM/CID10/DOCS/Estrutura_do_SIM_2025.pdf,Não auditada individualmente; rótulo local/menção textual não comprovam correspondência semântica.
SIM,t000_DORR2023,CODMUNRES,src/omnisus_db/data/dicionarios/sim_do.yaml,Município de residência,,,,"[{""fields"": ""codmunres"", ""reference"": {""resource"": ""aux_municipios"", ""fields"": ""codigo_ibge""}}]",ftp://ftp.datasus.gov.br/dissemin/publicos/SIM/CID10/DOCS/Estrutura_do_SIM_2025.pdf,Não auditada individualmente; rótulo local/menção textual não comprovam correspondência semântica.
SIM,t000_DORR2023,LOCOCOR,src/omnisus_db/data/dicionarios/sim_do.yaml,Local de ocorrência,,"{""1"": ""Hospital"", ""2"": ""Outro estab. saúde"", ""3"": ""Domicílio"", ""4"": ""Via pública"", ""5"": ""Outros"", ""6"": ""Aldeia indígena"", ""9"": ""Ignorado""}",,,ftp://ftp.datasus.gov.br/dissemin/publicos/SIM/CID10/DOCS/Estrutura_do_SIM_2025.pdf,Não auditada individualmente; rótulo local/menção textual não comprovam correspondência semântica.
SIM,t000_DORR2023,CODESTAB,src/omnisus_db/data/dicionarios/sim_do.yaml,Estabelecimento (CNES),"Código CNES do estabelecimento (7 dígitos). O nome resolve via
``aux_cnes``, que combina ``cnes_st`` (FTP) com ``cnes_master``
(API). Se ``cnes_master`` ainda não foi populado
(``import_cnes_master()``), o nome fica nulo no lookup.
",,,"[{""fields"": ""codestab"", ""reference"": {""resource"": ""aux_cnes"", ""fields"": ""cnes""}}]",ftp://ftp.datasus.gov.br/dissemin/publicos/SIM/CID10/DOCS/Estrutura_do_SIM_2025.pdf,Não auditada individualmente; rótulo local/menção textual não comprovam correspondência semântica.
SIM,t000_DORR2023,ESTABDESCR,src/omnisus_db/data/dicionarios/sim_do.yaml,Estabelecimento (descrição),,,,,,Não auditada individualmente; rótulo local/menção textual não comprovam correspondência semântica.
SIM,t000_DORR2023,CODMUNOCOR,src/omnisus_db/data/dicionarios/sim_do.yaml,Município de ocorrência,,,,"[{""fields"": ""codmunocor"", ""reference"": {""resource"": ""aux_municipios"", ""fields"": ""codigo_ibge""}}]",ftp://ftp.datasus.gov.br/dissemin/publicos/SIM/CID10/DOCS/Estrutura_do_SIM_2025.pdf,Não auditada individualmente; rótulo local/menção textual não comprovam correspondência semântica.
SIM,t000_DORR2023,IDADEMAE,src/omnisus_db/data/dicionarios/sim_do.yaml,Idade da mãe,,,,,ftp://ftp.datasus.gov.br/dissemin/publicos/SIM/CID10/DOCS/Estrutura_do_SIM_2025.pdf,Não auditada individualmente; rótulo local/menção textual não comprovam correspondência semântica.
SIM,t000_DORR2023,ESCMAE,src/omnisus_db/data/dicionarios/sim_do.yaml,Escolaridade da mãe (antigo),,"{""1"": ""Nenhuma"", ""2"": ""1 a 3 anos"", ""3"": ""4 a 7 anos"", ""4"": ""8 a 11 anos"", ""5"": ""12+ anos"", ""9"": ""Ignorado""}",,,ftp://ftp.datasus.gov.br/dissemin/publicos/SIM/CID10/DOCS/Estrutura_do_SIM_2025.pdf,Não auditada individualmente; rótulo local/menção textual não comprovam correspondência semântica.
SIM,t000_DORR2023,ESCMAE2010,src/omnisus_db/data/dicionarios/sim_do.yaml,Escolaridade da mãe (2010),,"{""0"": ""Sem escolaridade"", ""1"": ""Fundamental I (1-5 ano)"", ""2"": ""Fundamental II (6-9 ano)"", ""3"": ""Médio"", ""4"": ""Superior incompleto"", ""5"": ""Superior completo"", ""9"": ""Ignorado""}",,,ftp://ftp.datasus.gov.br/dissemin/publicos/SIM/CID10/DOCS/Estrutura_do_SIM_2025.pdf,Não auditada individualmente; rótulo local/menção textual não comprovam correspondência semântica.
SIM,t000_DORR2023,SERIESCMAE,src/omnisus_db/data/dicionarios/sim_do.yaml,Escolaridade da mãe (série),,,,,ftp://ftp.datasus.gov.br/dissemin/publicos/SIM/CID10/DOCS/Estrutura_do_SIM_2025.pdf,Não auditada individualmente; rótulo local/menção textual não comprovam correspondência semântica.
SIM,t000_DORR2023,OCUPMAE,src/omnisus_db/data/dicionarios/sim_do.yaml,Ocupação da mãe,,,,,ftp://ftp.datasus.gov.br/dissemin/publicos/SIM/CID10/DOCS/Estrutura_do_SIM_2025.pdf,Não auditada individualmente; rótulo local/menção textual não comprovam correspondência semântica.
SIM,t000_DORR2023,QTDFILVIVO,src/omnisus_db/data/dicionarios/sim_do.yaml,Filhos nascidos vivos,,,,,ftp://ftp.datasus.gov.br/dissemin/publicos/SIM/CID10/DOCS/Estrutura_do_SIM_2025.pdf,Não auditada individualmente; rótulo local/menção textual não comprovam correspondência semântica.
SIM,t000_DORR2023,QTDFILMORT,src/omnisus_db/data/dicionarios/sim_do.yaml,Filhos mortos,,,,,ftp://ftp.datasus.gov.br/dissemin/publicos/SIM/CID10/DOCS/Estrutura_do_SIM_2025.pdf,Não auditada individualmente; rótulo local/menção textual não comprovam correspondência semântica.
SIM,t000_DORR2023,GRAVIDEZ,src/omnisus_db/data/dicionarios/sim_do.yaml,Tipo de gravidez,,"{""1"": ""Única"", ""2"": ""Dupla"", ""3"": ""Tripla ou mais"", ""9"": ""Ignorada""}",,,ftp://ftp.datasus.gov.br/dissemin/publicos/SIM/CID10/DOCS/Estrutura_do_SIM_2025.pdf,Não auditada individualmente; rótulo local/menção textual não comprovam correspondência semântica.
SIM,t000_DORR2023,SEMAGESTAC,src/omnisus_db/data/dicionarios/sim_do.yaml,Semanas de gestação,,,,,ftp://ftp.datasus.gov.br/dissemin/publicos/SIM/CID10/DOCS/Estrutura_do_SIM_2025.pdf,Não auditada individualmente; rótulo local/menção textual não comprovam correspondência semântica.
SIM,t000_DORR2023,GESTACAO,src/omnisus_db/data/dicionarios/sim_do.yaml,Gestação (faixas),,"{""1"": ""< 22 semanas"", ""2"": ""22 a 27 semanas"", ""3"": ""28 a 31 semanas"", ""4"": ""32 a 36 semanas"", ""5"": ""37 a 41 semanas"", ""6"": ""42+ semanas"", ""9"": ""Ignorado""}",,,ftp://ftp.datasus.gov.br/dissemin/publicos/SIM/CID10/DOCS/Estrutura_do_SIM_2025.pdf,Não auditada individualmente; rótulo local/menção textual não comprovam correspondência semântica.
SIM,t000_DORR2023,PARTO,src/omnisus_db/data/dicionarios/sim_do.yaml,Tipo de parto,,"{""1"": ""Vaginal"", ""2"": ""Cesáreo"", ""9"": ""Ignorado""}",,,ftp://ftp.datasus.gov.br/dissemin/publicos/SIM/CID10/DOCS/Estrutura_do_SIM_2025.pdf,Não auditada individualmente; rótulo local/menção textual não comprovam correspondência semântica.
SIM,t000_DORR2023,OBITOPARTO,src/omnisus_db/data/dicionarios/sim_do.yaml,Morte em relação ao parto,,"{""1"": ""Antes"", ""2"": ""Durante"", ""3"": ""Depois"", ""9"": ""Ignorado""}",,,ftp://ftp.datasus.gov.br/dissemin/publicos/SIM/CID10/DOCS/Estrutura_do_SIM_2025.pdf,Não auditada individualmente; rótulo local/menção textual não comprovam correspondência semântica.
SIM,t000_DORR2023,PESO,src/omnisus_db/data/dicionarios/sim_do.yaml,Peso ao nascer,Peso ao nascer em gramas (óbito fetal/menor 1 ano).,,,,ftp://ftp.datasus.gov.br/dissemin/publicos/SIM/CID10/DOCS/Estrutura_do_SIM_2025.pdf,Não auditada individualmente; rótulo local/menção textual não comprovam correspondência semântica.
SIM,t000_DORR2023,TPMORTEOCO,src/omnisus_db/data/dicionarios/sim_do.yaml,Morte durante gestação/puerpério,,"{""1"": ""Na gravidez"", ""2"": ""No parto"", ""3"": ""No abortamento"", ""4"": ""Até 42 dias pós-parto"", ""5"": ""43 dias a 1 ano pós-parto"", ""8"": ""Não nestes períodos"", ""9"": ""Ignorado""}",,,ftp://ftp.datasus.gov.br/dissemin/publicos/SIM/CID10/DOCS/Estrutura_do_SIM_2025.pdf,Não auditada individualmente; rótulo local/menção textual não comprovam correspondência semântica.
SIM,t000_DORR2023,OBITOGRAV,src/omnisus_db/data/dicionarios/sim_do.yaml,Óbito na gravidez,,"{""1"": ""Sim"", ""2"": ""Não"", ""9"": ""Ignorado""}",,,ftp://ftp.datasus.gov.br/dissemin/publicos/SIM/CID10/DOCS/Estrutura_do_SIM_2025.pdf,Não auditada individualmente; rótulo local/menção textual não comprovam correspondência semântica.
SIM,t000_DORR2023,OBITOPUERP,src/omnisus_db/data/dicionarios/sim_do.yaml,Óbito no puerpério,,"{""1"": ""Sim, até 42 dias"", ""2"": ""Sim, 43 dias a 1 ano"", ""3"": ""Não"", ""9"": ""Ignorado""}",,,ftp://ftp.datasus.gov.br/dissemin/publicos/SIM/CID10/DOCS/Estrutura_do_SIM_2025.pdf,Não auditada individualmente; rótulo local/menção textual não comprovam correspondência semântica.
SIM,t000_DORR2023,ASSISTMED,src/omnisus_db/data/dicionarios/sim_do.yaml,Assistência médica,,"{""1"": ""Sim"", ""2"": ""Não"", ""9"": ""Ignorado""}",,,ftp://ftp.datasus.gov.br/dissemin/publicos/SIM/CID10/DOCS/Estrutura_do_SIM_2025.pdf,Não auditada individualmente; rótulo local/menção textual não comprovam correspondência semântica.
SIM,t000_DORR2023,EXAME,src/omnisus_db/data/dicionarios/sim_do.yaml,Exame,,"{""1"": ""Sim"", ""2"": ""Não"", ""9"": ""Ignorado""}",,,ftp://ftp.datasus.gov.br/dissemin/publicos/SIM/CID10/DOCS/Estrutura_do_SIM_2025.pdf,Não auditada individualmente; rótulo local/menção textual não comprovam correspondência semântica.
SIM,t000_DORR2023,CIRURGIA,src/omnisus_db/data/dicionarios/sim_do.yaml,Cirurgia,,"{""1"": ""Sim"", ""2"": ""Não"", ""9"": ""Ignorado""}",,,ftp://ftp.datasus.gov.br/dissemin/publicos/SIM/CID10/DOCS/Estrutura_do_SIM_2025.pdf,Não auditada individualmente; rótulo local/menção textual não comprovam correspondência semântica.
SIM,t000_DORR2023,NECROPSIA,src/omnisus_db/data/dicionarios/sim_do.yaml,Necropsia,,"{""1"": ""Sim"", ""2"": ""Não"", ""9"": ""Ignorado""}",,,ftp://ftp.datasus.gov.br/dissemin/publicos/SIM/CID10/DOCS/Estrutura_do_SIM_2025.pdf,Não auditada individualmente; rótulo local/menção textual não comprovam correspondência semântica.
SIM,t000_DORR2023,LINHAA,src/omnisus_db/data/dicionarios/sim_do.yaml,Causa — Linha A,,,,"[{""fields"": ""linhaa"", ""reference"": {""resource"": ""aux_cid10"", ""fields"": ""codigo""}}]",ftp://ftp.datasus.gov.br/dissemin/publicos/SIM/CID10/DOCS/Estrutura_do_SIM_2025.pdf,Não auditada individualmente; rótulo local/menção textual não comprovam correspondência semântica.
SIM,t000_DORR2023,LINHAB,src/omnisus_db/data/dicionarios/sim_do.yaml,Causa — Linha B,,,,"[{""fields"": ""linhab"", ""reference"": {""resource"": ""aux_cid10"", ""fields"": ""codigo""}}]",ftp://ftp.datasus.gov.br/dissemin/publicos/SIM/CID10/DOCS/Estrutura_do_SIM_2025.pdf,Não auditada individualmente; rótulo local/menção textual não comprovam correspondência semântica.
SIM,t000_DORR2023,LINHAC,src/omnisus_db/data/dicionarios/sim_do.yaml,Causa — Linha C,,,,"[{""fields"": ""linhac"", ""reference"": {""resource"": ""aux_cid10"", ""fields"": ""codigo""}}]",ftp://ftp.datasus.gov.br/dissemin/publicos/SIM/CID10/DOCS/Estrutura_do_SIM_2025.pdf,Não auditada individualmente; rótulo local/menção textual não comprovam correspondência semântica.
SIM,t000_DORR2023,LINHAD,src/omnisus_db/data/dicionarios/sim_do.yaml,Causa — Linha D,,,,"[{""fields"": ""linhad"", ""reference"": {""resource"": ""aux_cid10"", ""fields"": ""codigo""}}]",ftp://ftp.datasus.gov.br/dissemin/publicos/SIM/CID10/DOCS/Estrutura_do_SIM_2025.pdf,Não auditada individualmente; rótulo local/menção textual não comprovam correspondência semântica.
SIM,t000_DORR2023,LINHAII,src/omnisus_db/data/dicionarios/sim_do.yaml,Causas — Parte II,,,,,ftp://ftp.datasus.gov.br/dissemin/publicos/SIM/CID10/DOCS/Estrutura_do_SIM_2025.pdf,Não auditada individualmente; rótulo local/menção textual não comprovam correspondência semântica.
SIM,t000_DORR2023,CAUSABAS,src/omnisus_db/data/dicionarios/sim_do.yaml,Causa básica,,,,"[{""fields"": ""causabas"", ""reference"": {""resource"": ""aux_cid10"", ""fields"": ""codigo""}}]",ftp://ftp.datasus.gov.br/dissemin/publicos/SIM/CID10/DOCS/Estrutura_do_SIM_2025.pdf,Não auditada individualmente; rótulo local/menção textual não comprovam correspondência semântica.
SIM,t000_DORR2023,CB_PRE,src/omnisus_db/data/dicionarios/sim_do.yaml,Causa básica pré-seleção,,,,"[{""fields"": ""cb_pre"", ""reference"": {""resource"": ""aux_cid10"", ""fields"": ""codigo""}}]",,Não auditada individualmente; rótulo local/menção textual não comprovam correspondência semântica.
SIM,t000_DORR2023,COMUNSVOIM,src/omnisus_db/data/dicionarios/sim_do.yaml,Município SVO/IML,,,,"[{""fields"": ""comunsvoim"", ""reference"": {""resource"": ""aux_municipios"", ""fields"": ""codigo_ibge""}}]",ftp://ftp.datasus.gov.br/dissemin/publicos/SIM/CID10/DOCS/Estrutura_do_SIM_2025.pdf,Não auditada individualmente; rótulo local/menção textual não comprovam correspondência semântica.
SIM,t000_DORR2023,DTATESTADO,src/omnisus_db/data/dicionarios/sim_do.yaml,Data do atestado,,,ddMMyyyy,,ftp://ftp.datasus.gov.br/dissemin/publicos/SIM/CID10/DOCS/Estrutura_do_SIM_2025.pdf,Não auditada individualmente; rótulo local/menção textual não comprovam correspondência semântica.
SIM,t000_DORR2023,CIRCOBITO,src/omnisus_db/data/dicionarios/sim_do.yaml,Circunstância do óbito,,"{""1"": ""Acidente"", ""2"": ""Suicídio"", ""3"": ""Homicídio"", ""4"": ""Outros"", ""9"": ""Ignorado""}",,,ftp://ftp.datasus.gov.br/dissemin/publicos/SIM/CID10/DOCS/Estrutura_do_SIM_2025.pdf,Não auditada individualmente; rótulo local/menção textual não comprovam correspondência semântica.
SIM,t000_DORR2023,ACIDTRAB,src/omnisus_db/data/dicionarios/sim_do.yaml,Acidente de trabalho,,"{""1"": ""Sim"", ""2"": ""Não"", ""9"": ""Ignorado""}",,,ftp://ftp.datasus.gov.br/dissemin/publicos/SIM/CID10/DOCS/Estrutura_do_SIM_2025.pdf,Não auditada individualmente; rótulo local/menção textual não comprovam correspondência semântica.
SIM,t000_DORR2023,FONTE,src/omnisus_db/data/dicionarios/sim_do.yaml,Fonte da informação,,"{""1"": ""Ocorrência policial"", ""2"": ""Hospital"", ""3"": ""Família"", ""4"": ""Outra"", ""9"": ""Ignorado""}",,,ftp://ftp.datasus.gov.br/dissemin/publicos/SIM/CID10/DOCS/Estrutura_do_SIM_2025.pdf,Não auditada individualmente; rótulo local/menção textual não comprovam correspondência semântica.
SIM,t000_DORR2023,NUMEROLOTE,src/omnisus_db/data/dicionarios/sim_do.yaml,Número do lote,,,,,ftp://ftp.datasus.gov.br/dissemin/publicos/SIM/CID10/DOCS/Estrutura_do_SIM_2025.pdf,Não auditada individualmente; rótulo local/menção textual não comprovam correspondência semântica.
SIM,t000_DORR2023,TPPOS,src/omnisus_db/data/dicionarios/sim_do.yaml,Óbito investigado,,"{""S"": ""Sim"", ""N"": ""Não"", ""1"": ""Sim"", ""2"": ""Não""}",,,ftp://ftp.datasus.gov.br/dissemin/publicos/SIM/CID10/DOCS/Estrutura_do_SIM_2025.pdf,Não auditada individualmente; rótulo local/menção textual não comprovam correspondência semântica.
SIM,t000_DORR2023,DTINVESTIG,src/omnisus_db/data/dicionarios/sim_do.yaml,Data da investigação,,,ddMMyyyy,,ftp://ftp.datasus.gov.br/dissemin/publicos/SIM/CID10/DOCS/Estrutura_do_SIM_2025.pdf,Não auditada individualmente; rótulo local/menção textual não comprovam correspondência semântica.
SIM,t000_DORR2023,CAUSABAS_O,src/omnisus_db/data/dicionarios/sim_do.yaml,Causa básica original,,,,"[{""fields"": ""causabas_o"", ""reference"": {""resource"": ""aux_cid10"", ""fields"": ""codigo""}}]",ftp://ftp.datasus.gov.br/dissemin/publicos/SIM/CID10/DOCS/Estrutura_do_SIM_2025.pdf,Não auditada individualmente; rótulo local/menção textual não comprovam correspondência semântica.
SIM,t000_DORR2023,DTCADASTRO,src/omnisus_db/data/dicionarios/sim_do.yaml,Data do cadastro,,,ddMMyyyy,,ftp://ftp.datasus.gov.br/dissemin/publicos/SIM/CID10/DOCS/Estrutura_do_SIM_2025.pdf,Não auditada individualmente; rótulo local/menção textual não comprovam correspondência semântica.
SIM,t000_DORR2023,ATESTANTE,src/omnisus_db/data/dicionarios/sim_do.yaml,Médico atestante,,"{""1"": ""Assistente"", ""2"": ""Substituto"", ""3"": ""IML"", ""4"": ""SVO"", ""5"": ""Outro""}",,,ftp://ftp.datasus.gov.br/dissemin/publicos/SIM/CID10/DOCS/Estrutura_do_SIM_2025.pdf,Não auditada individualmente; rótulo local/menção textual não comprovam correspondência semântica.
SIM,t000_DORR2023,STCODIFICA,src/omnisus_db/data/dicionarios/sim_do.yaml,Status codificação,,"{""S"": ""Codificadora"", ""N"": ""Não""}",,,ftp://ftp.datasus.gov.br/dissemin/publicos/SIM/CID10/DOCS/Estrutura_do_SIM_2025.pdf,Não auditada individualmente; rótulo local/menção textual não comprovam correspondência semântica.
SIM,t000_DORR2023,CODIFICADO,src/omnisus_db/data/dicionarios/sim_do.yaml,Codificado,,"{""S"": ""Codificado"", ""N"": ""Não codificado""}",,,ftp://ftp.datasus.gov.br/dissemin/publicos/SIM/CID10/DOCS/Estrutura_do_SIM_2025.pdf,Não auditada individualmente; rótulo local/menção textual não comprovam correspondência semântica.
SIM,t000_DORR2023,VERSAOSIST,src/omnisus_db/data/dicionarios/sim_do.yaml,Versão do sistema,,,,,ftp://ftp.datasus.gov.br/dissemin/publicos/SIM/CID10/DOCS/Estrutura_do_SIM_2025.pdf,Não auditada individualmente; rótulo local/menção textual não comprovam correspondência semântica.
SIM,t000_DORR2023,VERSAOSCB,src/omnisus_db/data/dicionarios/sim_do.yaml,Versão SCB,,,,,ftp://ftp.datasus.gov.br/dissemin/publicos/SIM/CID10/DOCS/Estrutura_do_SIM_2025.pdf,Não auditada individualmente; rótulo local/menção textual não comprovam correspondência semântica.
SIM,t000_DORR2023,FONTEINV,src/omnisus_db/data/dicionarios/sim_do.yaml,Fonte de investigação,,"{""1"": ""Comitê Morte Materna/Infantil"", ""2"": ""Visita domiciliar"", ""3"": ""Estab. Saúde/Prontuário"", ""4"": ""Outros bancos de dados"", ""5"": ""SVO"", ""6"": ""IML"", ""7"": ""Outra"", ""8"": ""Múltiplas fontes"", ""9"": ""Ignorado""}",,,ftp://ftp.datasus.gov.br/dissemin/publicos/SIM/CID10/DOCS/Estrutura_do_SIM_2025.pdf,Não auditada individualmente; rótulo local/menção textual não comprovam correspondência semântica.
SIM,t000_DORR2023,DTRECEBIM,src/omnisus_db/data/dicionarios/sim_do.yaml,Data recebimento,,,ddMMyyyy,,ftp://ftp.datasus.gov.br/dissemin/publicos/SIM/CID10/DOCS/Estrutura_do_SIM_2025.pdf,Não auditada individualmente; rótulo local/menção textual não comprovam correspondência semântica.
SIM,t000_DORR2023,ATESTADO,src/omnisus_db/data/dicionarios/sim_do.yaml,Atestado (texto),,,,,ftp://ftp.datasus.gov.br/dissemin/publicos/SIM/CID10/DOCS/Estrutura_do_SIM_2025.pdf,Não auditada individualmente; rótulo local/menção textual não comprovam correspondência semântica.
SIM,t000_DORR2023,DTRECORIGA,src/omnisus_db/data/dicionarios/sim_do.yaml,Data recebimento original,,,ddMMyyyy,,ftp://ftp.datasus.gov.br/dissemin/publicos/SIM/CID10/DOCS/Estrutura_do_SIM_2025.pdf,Não auditada individualmente; rótulo local/menção textual não comprovam correspondência semântica.
SIM,t000_DORR2023,CAUSAMAT,src/omnisus_db/data/dicionarios/sim_do.yaml,Causa materna,,,,"[{""fields"": ""causamat"", ""reference"": {""resource"": ""aux_cid10"", ""fields"": ""codigo""}}]",ftp://ftp.datasus.gov.br/dissemin/publicos/SIM/CID10/DOCS/Estrutura_do_SIM_2025.pdf,Não auditada individualmente; rótulo local/menção textual não comprovam correspondência semântica.
SIM,t000_DORR2023,ESCMAEAGR1,src/omnisus_db/data/dicionarios/sim_do.yaml,Escolaridade da mãe agregada,,"{""00"": ""Sem escolaridade"", ""01"": ""Fundamental I incompleto"", ""02"": ""Fundamental I completo"", ""03"": ""Fundamental II incompleto"", ""04"": ""Fundamental II completo"", ""05"": ""Médio incompleto"", ""06"": ""Médio completo"", ""07"": ""Superior incompleto"", ""08"": ""Superior completo"", ""09"": ""Ignorado"", ""10"": ""Fundamental completo (inespecífico)"", ""11"": ""Médio (inespecífico)"", ""12"": ""Superior (inespecífico)""}",,,ftp://ftp.datasus.gov.br/dissemin/publicos/SIM/CID10/DOCS/Estrutura_do_SIM_2025.pdf,Não auditada individualmente; rótulo local/menção textual não comprovam correspondência semântica.
SIM,t000_DORR2023,ESCFALAGR1,src/omnisus_db/data/dicionarios/sim_do.yaml,Escolaridade agregada,,"{""00"": ""Sem escolaridade"", ""01"": ""Fundamental I incompleto"", ""02"": ""Fundamental I completo"", ""03"": ""Fundamental II incompleto"", ""04"": ""Fundamental II completo"", ""05"": ""Médio incompleto"", ""06"": ""Médio completo"", ""07"": ""Superior incompleto"", ""08"": ""Superior completo"", ""09"": ""Ignorado"", ""10"": ""Fundamental completo (inespecífico)"", ""11"": ""Médio (inespecífico)"", ""12"": ""Superior (inespecífico)""}",,,ftp://ftp.datasus.gov.br/dissemin/publicos/SIM/CID10/DOCS/Estrutura_do_SIM_2025.pdf,Não auditada individualmente; rótulo local/menção textual não comprovam correspondência semântica.
SIM,t000_DORR2023,STDOEPIDEM,src/omnisus_db/data/dicionarios/sim_do.yaml,Status DO epidemiológica,,"{""0"": ""Não"", ""1"": ""Sim""}",,,ftp://ftp.datasus.gov.br/dissemin/publicos/SIM/CID10/DOCS/Estrutura_do_SIM_2025.pdf,Não auditada individualmente; rótulo local/menção textual não comprovam correspondência semântica.
SIM,t000_DORR2023,STDONOVA,src/omnisus_db/data/dicionarios/sim_do.yaml,Status DO nova,,"{""0"": ""Formulário antigo"", ""1"": ""Formulário novo (pós-2011)""}",,,ftp://ftp.datasus.gov.br/dissemin/publicos/SIM/CID10/DOCS/Estrutura_do_SIM_2025.pdf,Não auditada individualmente; rótulo local/menção textual não comprovam correspondência semântica.
SIM,t000_DORR2023,DIFDATA,src/omnisus_db/data/dicionarios/sim_do.yaml,Diferença de datas,,,,,ftp://ftp.datasus.gov.br/dissemin/publicos/SIM/CID10/DOCS/Estrutura_do_SIM_2025.pdf,Não auditada individualmente; rótulo local/menção textual não comprovam correspondência semântica.
SIM,t000_DORR2023,NUDIASOBCO,src/omnisus_db/data/dicionarios/sim_do.yaml,Dias óbito-codificação,,,,,ftp://ftp.datasus.gov.br/dissemin/publicos/SIM/CID10/DOCS/Estrutura_do_SIM_2025.pdf,Não auditada individualmente; rótulo local/menção textual não comprovam correspondência semântica.
SIM,t000_DORR2023,NUDIASOBIN,src/omnisus_db/data/dicionarios/sim_do.yaml,Dias óbito-investigação,,,,,,Não auditada individualmente; rótulo local/menção textual não comprovam correspondência semântica.
SIM,t000_DORR2023,DTCADINV,src/omnisus_db/data/dicionarios/sim_do.yaml,Data cadastro investigação,,,ddMMyyyy,,ftp://ftp.datasus.gov.br/dissemin/publicos/SIM/CID10/DOCS/Estrutura_do_SIM_2025.pdf,Não auditada individualmente; rótulo local/menção textual não comprovam correspondência semântica.
SIM,t000_DORR2023,TPOBITOCOR,src/omnisus_db/data/dicionarios/sim_do.yaml,Local da violência,,"{""1"": ""Via pública"", ""2"": ""Residência"", ""3"": ""Outro domicílio"", ""4"": ""Estab. comercial"", ""5"": ""Outros"", ""9"": ""Ignorado""}",,,ftp://ftp.datasus.gov.br/dissemin/publicos/SIM/CID10/DOCS/Estrutura_do_SIM_2025.pdf,Não auditada individualmente; rótulo local/menção textual não comprovam correspondência semântica.
SIM,t000_DORR2023,DTCONINV,src/omnisus_db/data/dicionarios/sim_do.yaml,Data conclusão investigação,,,ddMMyyyy,,ftp://ftp.datasus.gov.br/dissemin/publicos/SIM/CID10/DOCS/Estrutura_do_SIM_2025.pdf,Não auditada individualmente; rótulo local/menção textual não comprovam correspondência semântica.
SIM,t000_DORR2023,FONTES,src/omnisus_db/data/dicionarios/sim_do.yaml,Fontes (combinado),,,,,ftp://ftp.datasus.gov.br/dissemin/publicos/SIM/CID10/DOCS/Estrutura_do_SIM_2025.pdf,Não auditada individualmente; rótulo local/menção textual não comprovam correspondência semântica.
SIM,t000_DORR2023,TPRESGINFO,src/omnisus_db/data/dicionarios/sim_do.yaml,Tipo de resgate,,"{""01"": ""Não acrescentou informações"", ""02"": ""Resgatou novas informações"", ""03"": ""Corrigiu causa(s) de morte""}",,,ftp://ftp.datasus.gov.br/dissemin/publicos/SIM/CID10/DOCS/Estrutura_do_SIM_2025.pdf,Não auditada individualmente; rótulo local/menção textual não comprovam correspondência semântica.
SIM,t000_DORR2023,TPNIVELINV,src/omnisus_db/data/dicionarios/sim_do.yaml,Nível investigador,,"{""E"": ""Estadual"", ""R"": ""Regional"", ""M"": ""Municipal""}",,,ftp://ftp.datasus.gov.br/dissemin/publicos/SIM/CID10/DOCS/Estrutura_do_SIM_2025.pdf,Não auditada individualmente; rótulo local/menção textual não comprovam correspondência semântica.
SIM,t000_DORR2023,NUDIASINF,src/omnisus_db/data/dicionarios/sim_do.yaml,Dias até informação,,,,,,Não auditada individualmente; rótulo local/menção textual não comprovam correspondência semântica.
SIM,t000_DORR2023,DTCADINF,src/omnisus_db/data/dicionarios/sim_do.yaml,Data cadastro informação,,,ddMMyyyy,,ftp://ftp.datasus.gov.br/dissemin/publicos/SIM/CID10/DOCS/Estrutura_do_SIM_2025.pdf,Não auditada individualmente; rótulo local/menção textual não comprovam correspondência semântica.
SIM,t000_DORR2023,MORTEPARTO,src/omnisus_db/data/dicionarios/sim_do.yaml,Morte/parto (pós-investigação),,"{""1"": ""Antes"", ""2"": ""Durante"", ""3"": ""Após"", ""9"": ""Ignorado""}",,,ftp://ftp.datasus.gov.br/dissemin/publicos/SIM/CID10/DOCS/Estrutura_do_SIM_2025.pdf,Não auditada individualmente; rótulo local/menção textual não comprovam correspondência semântica.
SIM,t000_DORR2023,DTCONCASO,src/omnisus_db/data/dicionarios/sim_do.yaml,Data conclusão do caso,,,ddMMyyyy,,ftp://ftp.datasus.gov.br/dissemin/publicos/SIM/CID10/DOCS/Estrutura_do_SIM_2025.pdf,Não auditada individualmente; rótulo local/menção textual não comprovam correspondência semântica.
SIM,t000_DORR2023,FONTESINF,src/omnisus_db/data/dicionarios/sim_do.yaml,Fontes de informação,,,,,,Não auditada individualmente; rótulo local/menção textual não comprovam correspondência semântica.
SIM,t000_DORR2023,ALTCAUSA,src/omnisus_db/data/dicionarios/sim_do.yaml,Alteração de causa,,"{""1"": ""Sim"", ""2"": ""Não""}",,,ftp://ftp.datasus.gov.br/dissemin/publicos/SIM/CID10/DOCS/Estrutura_do_SIM_2025.pdf,Não auditada individualmente; rótulo local/menção textual não comprovam correspondência semântica.
SIM,t000_DORR2023,CONTADOR,src/omnisus_db/data/dicionarios/sim_do.yaml,Contador,,,,,,Não auditada individualmente; rótulo local/menção textual não comprovam correspondência semântica.
SINAN,t000_CHAGBR23,TP_NOT,,,,,,,https://portalsinan.saude.gov.br/images/documentos/Agravos/NINDIV/DIC_DADOS_Notificacao_Individual_v5.pdf,Não auditada individualmente; rótulo local/menção textual não comprovam correspondência semântica.
SINAN,t000_CHAGBR23,ID_AGRAVO,,,,,,,https://portalsinan.saude.gov.br/images/documentos/Agravos/NINDIV/DIC_DADOS_Notificacao_Individual_v5.pdf,Não auditada individualmente; rótulo local/menção textual não comprovam correspondência semântica.
SINAN,t000_CHAGBR23,DT_NOTIFIC,,,,,,,https://portalsinan.saude.gov.br/images/documentos/Agravos/NINDIV/DIC_DADOS_Notificacao_Individual_v5.pdf,Não auditada individualmente; rótulo local/menção textual não comprovam correspondência semântica.
SINAN,t000_CHAGBR23,SEM_NOT,,,,,,,https://portalsinan.saude.gov.br/images/documentos/Agravos/NINDIV/DIC_DADOS_Notificacao_Individual_v5.pdf,Não auditada individualmente; rótulo local/menção textual não comprovam correspondência semântica.
SINAN,t000_CHAGBR23,NU_ANO,,,,,,,https://portalsinan.saude.gov.br/images/documentos/Agravos/NINDIV/DIC_DADOS_Notificacao_Individual_v5.pdf,Não auditada individualmente; rótulo local/menção textual não comprovam correspondência semântica.
SINAN,t000_CHAGBR23,SG_UF_NOT,,,,,,,https://portalsinan.saude.gov.br/images/documentos/Agravos/NINDIV/DIC_DADOS_Notificacao_Individual_v5.pdf,Não auditada individualmente; rótulo local/menção textual não comprovam correspondência semântica.
SINAN,t000_CHAGBR23,ID_MUNICIP,,,,,,,https://portalsinan.saude.gov.br/images/documentos/Agravos/NINDIV/DIC_DADOS_Notificacao_Individual_v5.pdf,Não auditada individualmente; rótulo local/menção textual não comprovam correspondência semântica.
SINAN,t000_CHAGBR23,ID_REGIONA,,,,,,,https://portalsinan.saude.gov.br/images/documentos/Agravos/NINDIV/DIC_DADOS_Notificacao_Individual_v5.pdf,Não auditada individualmente; rótulo local/menção textual não comprovam correspondência semântica.
SINAN,t000_CHAGBR23,ID_UNIDADE,,,,,,,https://portalsinan.saude.gov.br/images/documentos/Agravos/NINDIV/DIC_DADOS_Notificacao_Individual_v5.pdf,Não auditada individualmente; rótulo local/menção textual não comprovam correspondência semântica.
SINAN,t000_CHAGBR23,DT_SIN_PRI,,,,,,,https://portalsinan.saude.gov.br/images/documentos/Agravos/NINDIV/DIC_DADOS_Notificacao_Individual_v5.pdf,Não auditada individualmente; rótulo local/menção textual não comprovam correspondência semântica.
SINAN,t000_CHAGBR23,SEM_PRI,,,,,,,https://portalsinan.saude.gov.br/images/documentos/Agravos/NINDIV/DIC_DADOS_Notificacao_Individual_v5.pdf,Não auditada individualmente; rótulo local/menção textual não comprovam correspondência semântica.
SINAN,t000_CHAGBR23,ANO_NASC,,,,,,,,Não auditada individualmente; rótulo local/menção textual não comprovam correspondência semântica.
SINAN,t000_CHAGBR23,NU_IDADE_N,,,,,,,https://portalsinan.saude.gov.br/images/documentos/Agravos/NINDIV/DIC_DADOS_Notificacao_Individual_v5.pdf,Não auditada individualmente; rótulo local/menção textual não comprovam correspondência semântica.
SINAN,t000_CHAGBR23,CS_SEXO,,,,,,,https://portalsinan.saude.gov.br/images/documentos/Agravos/NINDIV/DIC_DADOS_Notificacao_Individual_v5.pdf,Não auditada individualmente; rótulo local/menção textual não comprovam correspondência semântica.
SINAN,t000_CHAGBR23,CS_GESTANT,,,,,,,https://portalsinan.saude.gov.br/images/documentos/Agravos/NINDIV/DIC_DADOS_Notificacao_Individual_v5.pdf,Não auditada individualmente; rótulo local/menção textual não comprovam correspondência semântica.
SINAN,t000_CHAGBR23,CS_RACA,,,,,,,https://portalsinan.saude.gov.br/images/documentos/Agravos/NINDIV/DIC_DADOS_Notificacao_Individual_v5.pdf,Não auditada individualmente; rótulo local/menção textual não comprovam correspondência semântica.
SINAN,t000_CHAGBR23,CS_ESCOL_N,,,,,,,https://portalsinan.saude.gov.br/images/documentos/Agravos/NINDIV/DIC_DADOS_Notificacao_Individual_v5.pdf,Não auditada individualmente; rótulo local/menção textual não comprovam correspondência semântica.
SINAN,t000_CHAGBR23,SG_UF,,,,,,,https://portalsinan.saude.gov.br/images/documentos/Agravos/NINDIV/DIC_DADOS_Notificacao_Individual_v5.pdf,Não auditada individualmente; rótulo local/menção textual não comprovam correspondência semântica.
SINAN,t000_CHAGBR23,ID_MN_RESI,,,,,,,https://portalsinan.saude.gov.br/images/documentos/Agravos/NINDIV/DIC_DADOS_Notificacao_Individual_v5.pdf,Não auditada individualmente; rótulo local/menção textual não comprovam correspondência semântica.
SINAN,t000_CHAGBR23,ID_RG_RESI,,,,,,,https://portalsinan.saude.gov.br/images/documentos/Agravos/NINDIV/DIC_DADOS_Notificacao_Individual_v5.pdf,Não auditada individualmente; rótulo local/menção textual não comprovam correspondência semântica.
SINAN,t000_CHAGBR23,ID_PAIS,,,,,,,https://portalsinan.saude.gov.br/images/documentos/Agravos/NINDIV/DIC_DADOS_Notificacao_Individual_v5.pdf,Não auditada individualmente; rótulo local/menção textual não comprovam correspondência semântica.
SINAN,t000_CHAGBR23,NDUPLIC_N,,,,,,,https://portalsinan.saude.gov.br/images/documentos/Agravos/NINDIV/DIC_DADOS_Notificacao_Individual_v5.pdf,Não auditada individualmente; rótulo local/menção textual não comprovam correspondência semântica.
SINAN,t000_CHAGBR23,DT_INVEST,,,,,,,https://portalsinan.saude.gov.br/images/documentos/Agravos/Chagas/DIC_DADOS_Chagas_v5.pdf | https://portalsinan.saude.gov.br/images/documentos/Agravos/NINDIV/DIC_DADOS_Notificacao_Individual_v5.pdf,Não auditada individualmente; rótulo local/menção textual não comprovam correspondência semântica.
SINAN,t000_CHAGBR23,ID_OCUPA_N,,,,,,,https://portalsinan.saude.gov.br/images/documentos/Agravos/Chagas/DIC_DADOS_Chagas_v5.pdf,Não auditada individualmente; rótulo local/menção textual não comprovam correspondência semântica.
SINAN,t000_CHAGBR23,ANT_UF_1,,,,,,,https://portalsinan.saude.gov.br/images/documentos/Agravos/Chagas/DIC_DADOS_Chagas_v5.pdf,Não auditada individualmente; rótulo local/menção textual não comprovam correspondência semântica.
SINAN,t000_CHAGBR23,MUN_1,,,,,,,https://portalsinan.saude.gov.br/images/documentos/Agravos/Chagas/DIC_DADOS_Chagas_v5.pdf,Não auditada individualmente; rótulo local/menção textual não comprovam correspondência semântica.
SINAN,t000_CHAGBR23,ANT_UF_2,,,,,,,https://portalsinan.saude.gov.br/images/documentos/Agravos/Chagas/DIC_DADOS_Chagas_v5.pdf,Não auditada individualmente; rótulo local/menção textual não comprovam correspondência semântica.
SINAN,t000_CHAGBR23,MUN_2,,,,,,,https://portalsinan.saude.gov.br/images/documentos/Agravos/Chagas/DIC_DADOS_Chagas_v5.pdf,Não auditada individualmente; rótulo local/menção textual não comprovam correspondência semântica.
SINAN,t000_CHAGBR23,ANT_UF_3,,,,,,,https://portalsinan.saude.gov.br/images/documentos/Agravos/Chagas/DIC_DADOS_Chagas_v5.pdf,Não auditada individualmente; rótulo local/menção textual não comprovam correspondência semântica.
SINAN,t000_CHAGBR23,MUN_3,,,,,,,https://portalsinan.saude.gov.br/images/documentos/Agravos/Chagas/DIC_DADOS_Chagas_v5.pdf,Não auditada individualmente; rótulo local/menção textual não comprovam correspondência semântica.
SINAN,t000_CHAGBR23,PRESENCA,,,,,,,https://portalsinan.saude.gov.br/images/documentos/Agravos/Chagas/DIC_DADOS_Chagas_v5.pdf,Não auditada individualmente; rótulo local/menção textual não comprovam correspondência semântica.
SINAN,t000_CHAGBR23,PARASITO,,,,,,,https://portalsinan.saude.gov.br/images/documentos/Agravos/Chagas/DIC_DADOS_Chagas_v5.pdf,Não auditada individualmente; rótulo local/menção textual não comprovam correspondência semântica.
SINAN,t000_CHAGBR23,HISTORIA,,,,,,,https://portalsinan.saude.gov.br/images/documentos/Agravos/Chagas/DIC_DADOS_Chagas_v5.pdf,Não auditada individualmente; rótulo local/menção textual não comprovam correspondência semântica.
SINAN,t000_CHAGBR23,CONTROLE,,,,,,,https://portalsinan.saude.gov.br/images/documentos/Agravos/Chagas/DIC_DADOS_Chagas_v5.pdf,Não auditada individualmente; rótulo local/menção textual não comprovam correspondência semântica.
SINAN,t000_CHAGBR23,MANIPULA,,,,,,,https://portalsinan.saude.gov.br/images/documentos/Agravos/Chagas/DIC_DADOS_Chagas_v5.pdf,Não auditada individualmente; rótulo local/menção textual não comprovam correspondência semântica.
SINAN,t000_CHAGBR23,MAECHAGA,,,,,,,https://portalsinan.saude.gov.br/images/documentos/Agravos/Chagas/DIC_DADOS_Chagas_v5.pdf,Não auditada individualmente; rótulo local/menção textual não comprovam correspondência semântica.
SINAN,t000_CHAGBR23,ORAL,,,,,,,https://portalsinan.saude.gov.br/images/documentos/Agravos/Chagas/DIC_DADOS_Chagas_v5.pdf,Não auditada individualmente; rótulo local/menção textual não comprovam correspondência semântica.
SINAN,t000_CHAGBR23,ASSINTOMA,,,,,,,https://portalsinan.saude.gov.br/images/documentos/Agravos/Chagas/DIC_DADOS_Chagas_v5.pdf,Não auditada individualmente; rótulo local/menção textual não comprovam correspondência semântica.
SINAN,t000_CHAGBR23,EDEMA,,,,,,,https://portalsinan.saude.gov.br/images/documentos/Agravos/Chagas/DIC_DADOS_Chagas_v5.pdf,Não auditada individualmente; rótulo local/menção textual não comprovam correspondência semântica.
SINAN,t000_CHAGBR23,MENINGOE,,,,,,,https://portalsinan.saude.gov.br/images/documentos/Agravos/Chagas/DIC_DADOS_Chagas_v5.pdf,Não auditada individualmente; rótulo local/menção textual não comprovam correspondência semântica.
SINAN,t000_CHAGBR23,POLIADENO,,,,,,,https://portalsinan.saude.gov.br/images/documentos/Agravos/Chagas/DIC_DADOS_Chagas_v5.pdf,Não auditada individualmente; rótulo local/menção textual não comprovam correspondência semântica.
SINAN,t000_CHAGBR23,FEBRE,,,,,,,https://portalsinan.saude.gov.br/images/documentos/Agravos/Chagas/DIC_DADOS_Chagas_v5.pdf | https://portalsinan.saude.gov.br/images/documentos/Agravos/NINDIV/DIC_DADOS_Notificacao_Individual_v5.pdf,Não auditada individualmente; rótulo local/menção textual não comprovam correspondência semântica.
SINAN,t000_CHAGBR23,HEPATOME,,,,,,,https://portalsinan.saude.gov.br/images/documentos/Agravos/Chagas/DIC_DADOS_Chagas_v5.pdf,Não auditada individualmente; rótulo local/menção textual não comprovam correspondência semântica.
SINAN,t000_CHAGBR23,SINAIS_ICC,,,,,,,https://portalsinan.saude.gov.br/images/documentos/Agravos/Chagas/DIC_DADOS_Chagas_v5.pdf,Não auditada individualmente; rótulo local/menção textual não comprovam correspondência semântica.
SINAN,t000_CHAGBR23,ARRITMIAS,,,,,,,https://portalsinan.saude.gov.br/images/documentos/Agravos/Chagas/DIC_DADOS_Chagas_v5.pdf,Não auditada individualmente; rótulo local/menção textual não comprovam correspondência semântica.
SINAN,t000_CHAGBR23,ASTENIA,,,,,,,https://portalsinan.saude.gov.br/images/documentos/Agravos/Chagas/DIC_DADOS_Chagas_v5.pdf,Não auditada individualmente; rótulo local/menção textual não comprovam correspondência semântica.
SINAN,t000_CHAGBR23,ESPLENOM,,,,,,,https://portalsinan.saude.gov.br/images/documentos/Agravos/Chagas/DIC_DADOS_Chagas_v5.pdf,Não auditada individualmente; rótulo local/menção textual não comprovam correspondência semântica.
SINAN,t000_CHAGBR23,CHAGOMA,,,,,,,https://portalsinan.saude.gov.br/images/documentos/Agravos/Chagas/DIC_DADOS_Chagas_v5.pdf,Não auditada individualmente; rótulo local/menção textual não comprovam correspondência semântica.
SINAN,t000_CHAGBR23,OUTRO_SIN,,,,,,,https://portalsinan.saude.gov.br/images/documentos/Agravos/Chagas/DIC_DADOS_Chagas_v5.pdf,Não auditada individualmente; rótulo local/menção textual não comprovam correspondência semântica.
SINAN,t000_CHAGBR23,OUTRO_ESP,,,,,,,https://portalsinan.saude.gov.br/images/documentos/Agravos/Chagas/DIC_DADOS_Chagas_v5.pdf,Não auditada individualmente; rótulo local/menção textual não comprovam correspondência semântica.
SINAN,t000_CHAGBR23,DT_COL_DIR,,,,,,,https://portalsinan.saude.gov.br/images/documentos/Agravos/Chagas/DIC_DADOS_Chagas_v5.pdf,Não auditada individualmente; rótulo local/menção textual não comprovam correspondência semântica.
SINAN,t000_CHAGBR23,EXAME,,,,,,,https://portalsinan.saude.gov.br/images/documentos/Agravos/Chagas/DIC_DADOS_Chagas_v5.pdf | https://portalsinan.saude.gov.br/images/documentos/Agravos/NINDIV/DIC_DADOS_Notificacao_Individual_v5.pdf,Não auditada individualmente; rótulo local/menção textual não comprovam correspondência semântica.
SINAN,t000_CHAGBR23,MICRO_HEMA,,,,,,,https://portalsinan.saude.gov.br/images/documentos/Agravos/Chagas/DIC_DADOS_Chagas_v5.pdf,Não auditada individualmente; rótulo local/menção textual não comprovam correspondência semântica.
SINAN,t000_CHAGBR23,OUTRO,,,,,,,https://portalsinan.saude.gov.br/images/documentos/Agravos/Chagas/DIC_DADOS_Chagas_v5.pdf | https://portalsinan.saude.gov.br/images/documentos/Agravos/NINDIV/DIC_DADOS_Notificacao_Individual_v5.pdf,Não auditada individualmente; rótulo local/menção textual não comprovam correspondência semântica.
SINAN,t000_CHAGBR23,DT_COL_IND,,,,,,,https://portalsinan.saude.gov.br/images/documentos/Agravos/Chagas/DIC_DADOS_Chagas_v5.pdf,Não auditada individualmente; rótulo local/menção textual não comprovam correspondência semântica.
SINAN,t000_CHAGBR23,XENODIAG,,,,,,,https://portalsinan.saude.gov.br/images/documentos/Agravos/Chagas/DIC_DADOS_Chagas_v5.pdf,Não auditada individualmente; rótulo local/menção textual não comprovam correspondência semântica.
SINAN,t000_CHAGBR23,HEMOCULT,,,,,,,https://portalsinan.saude.gov.br/images/documentos/Agravos/Chagas/DIC_DADOS_Chagas_v5.pdf,Não auditada individualmente; rótulo local/menção textual não comprovam correspondência semântica.
SINAN,t000_CHAGBR23,DT_COL_S1,,,,,,,https://portalsinan.saude.gov.br/images/documentos/Agravos/Chagas/DIC_DADOS_Chagas_v5.pdf,Não auditada individualmente; rótulo local/menção textual não comprovam correspondência semântica.
SINAN,t000_CHAGBR23,DT_COL_S2,,,,,,,https://portalsinan.saude.gov.br/images/documentos/Agravos/Chagas/DIC_DADOS_Chagas_v5.pdf,Não auditada individualmente; rótulo local/menção textual não comprovam correspondência semântica.
SINAN,t000_CHAGBR23,ELI_IGM_S1,,,,,,,https://portalsinan.saude.gov.br/images/documentos/Agravos/Chagas/DIC_DADOS_Chagas_v5.pdf,Não auditada individualmente; rótulo local/menção textual não comprovam correspondência semântica.
SINAN,t000_CHAGBR23,ELI_IGG_S1,,,,,,,https://portalsinan.saude.gov.br/images/documentos/Agravos/Chagas/DIC_DADOS_Chagas_v5.pdf,Não auditada individualmente; rótulo local/menção textual não comprovam correspondência semântica.
SINAN,t000_CHAGBR23,ELI_IGM_S2,,,,,,,https://portalsinan.saude.gov.br/images/documentos/Agravos/Chagas/DIC_DADOS_Chagas_v5.pdf,Não auditada individualmente; rótulo local/menção textual não comprovam correspondência semântica.
SINAN,t000_CHAGBR23,ELI_IGG_S2,,,,,,,https://portalsinan.saude.gov.br/images/documentos/Agravos/Chagas/DIC_DADOS_Chagas_v5.pdf,Não auditada individualmente; rótulo local/menção textual não comprovam correspondência semântica.
SINAN,t000_CHAGBR23,HEM_IGM_S1,,,,,,,https://portalsinan.saude.gov.br/images/documentos/Agravos/Chagas/DIC_DADOS_Chagas_v5.pdf,Não auditada individualmente; rótulo local/menção textual não comprovam correspondência semântica.
SINAN,t000_CHAGBR23,HEM_IGG_S1,,,,,,,https://portalsinan.saude.gov.br/images/documentos/Agravos/Chagas/DIC_DADOS_Chagas_v5.pdf,Não auditada individualmente; rótulo local/menção textual não comprovam correspondência semântica.
SINAN,t000_CHAGBR23,HEM_IGM_S2,,,,,,,https://portalsinan.saude.gov.br/images/documentos/Agravos/Chagas/DIC_DADOS_Chagas_v5.pdf,Não auditada individualmente; rótulo local/menção textual não comprovam correspondência semântica.
SINAN,t000_CHAGBR23,HEM_IGG_S2,,,,,,,https://portalsinan.saude.gov.br/images/documentos/Agravos/Chagas/DIC_DADOS_Chagas_v5.pdf,Não auditada individualmente; rótulo local/menção textual não comprovam correspondência semântica.
SINAN,t000_CHAGBR23,IMU_IGM_S1,,,,,,,https://portalsinan.saude.gov.br/images/documentos/Agravos/Chagas/DIC_DADOS_Chagas_v5.pdf,Não auditada individualmente; rótulo local/menção textual não comprovam correspondência semântica.
SINAN,t000_CHAGBR23,TIT_IGM_S1,,,,,,,https://portalsinan.saude.gov.br/images/documentos/Agravos/Chagas/DIC_DADOS_Chagas_v5.pdf,Não auditada individualmente; rótulo local/menção textual não comprovam correspondência semântica.
SINAN,t000_CHAGBR23,IMU_IGM_S2,,,,,,,https://portalsinan.saude.gov.br/images/documentos/Agravos/Chagas/DIC_DADOS_Chagas_v5.pdf,Não auditada individualmente; rótulo local/menção textual não comprovam correspondência semântica.
SINAN,t000_CHAGBR23,TIT_IGM_S2,,,,,,,https://portalsinan.saude.gov.br/images/documentos/Agravos/Chagas/DIC_DADOS_Chagas_v5.pdf,Não auditada individualmente; rótulo local/menção textual não comprovam correspondência semântica.
SINAN,t000_CHAGBR23,IMU_IGG_S1,,,,,,,https://portalsinan.saude.gov.br/images/documentos/Agravos/Chagas/DIC_DADOS_Chagas_v5.pdf,Não auditada individualmente; rótulo local/menção textual não comprovam correspondência semântica.
SINAN,t000_CHAGBR23,TIT_IGG_S1,,,,,,,https://portalsinan.saude.gov.br/images/documentos/Agravos/Chagas/DIC_DADOS_Chagas_v5.pdf,Não auditada individualmente; rótulo local/menção textual não comprovam correspondência semântica.
SINAN,t000_CHAGBR23,IMU_IGG_S2,,,,,,,https://portalsinan.saude.gov.br/images/documentos/Agravos/Chagas/DIC_DADOS_Chagas_v5.pdf,Não auditada individualmente; rótulo local/menção textual não comprovam correspondência semântica.
SINAN,t000_CHAGBR23,TIT_IGG_S2,,,,,,,https://portalsinan.saude.gov.br/images/documentos/Agravos/Chagas/DIC_DADOS_Chagas_v5.pdf,Não auditada individualmente; rótulo local/menção textual não comprovam correspondência semântica.
SINAN,t000_CHAGBR23,RESUL_HIS,,,,,,,https://portalsinan.saude.gov.br/images/documentos/Agravos/Chagas/DIC_DADOS_Chagas_v5.pdf,Não auditada individualmente; rótulo local/menção textual não comprovam correspondência semântica.
SINAN,t000_CHAGBR23,RES_HIST,,,,,,,https://portalsinan.saude.gov.br/images/documentos/Agravos/Chagas/DIC_DADOS_Chagas_v5.pdf,Não auditada individualmente; rótulo local/menção textual não comprovam correspondência semântica.
SINAN,t000_CHAGBR23,ESPECIFICO,,,,,,,https://portalsinan.saude.gov.br/images/documentos/Agravos/Chagas/DIC_DADOS_Chagas_v5.pdf | https://portalsinan.saude.gov.br/images/documentos/Agravos/NINDIV/DIC_DADOS_Notificacao_Individual_v5.pdf,Não auditada individualmente; rótulo local/menção textual não comprovam correspondência semântica.
SINAN,t000_CHAGBR23,SINTOMATIC,,,,,,,https://portalsinan.saude.gov.br/images/documentos/Agravos/Chagas/DIC_DADOS_Chagas_v5.pdf,Não auditada individualmente; rótulo local/menção textual não comprovam correspondência semântica.
SINAN,t000_CHAGBR23,DROGA,,,,,,,https://portalsinan.saude.gov.br/images/documentos/Agravos/Chagas/DIC_DADOS_Chagas_v5.pdf,Não auditada individualmente; rótulo local/menção textual não comprovam correspondência semântica.
SINAN,t000_CHAGBR23,TEMPO,,,,,,,https://portalsinan.saude.gov.br/images/documentos/Agravos/Chagas/DIC_DADOS_Chagas_v5.pdf | https://portalsinan.saude.gov.br/images/documentos/Agravos/NINDIV/DIC_DADOS_Notificacao_Individual_v5.pdf,Não auditada individualmente; rótulo local/menção textual não comprovam correspondência semântica.
SINAN,t000_CHAGBR23,CON_TRIAT,,,,,,,https://portalsinan.saude.gov.br/images/documentos/Agravos/Chagas/DIC_DADOS_Chagas_v5.pdf,Não auditada individualmente; rótulo local/menção textual não comprovam correspondência semântica.
SINAN,t000_CHAGBR23,BIOSSEG,,,,,,,https://portalsinan.saude.gov.br/images/documentos/Agravos/Chagas/DIC_DADOS_Chagas_v5.pdf,Não auditada individualmente; rótulo local/menção textual não comprovam correspondência semântica.
SINAN,t000_CHAGBR23,FISCALIZA,,,,,,,https://portalsinan.saude.gov.br/images/documentos/Agravos/Chagas/DIC_DADOS_Chagas_v5.pdf,Não auditada individualmente; rótulo local/menção textual não comprovam correspondência semântica.
SINAN,t000_CHAGBR23,MED_OUTRO,,,,,,,https://portalsinan.saude.gov.br/images/documentos/Agravos/Chagas/DIC_DADOS_Chagas_v5.pdf,Não auditada individualmente; rótulo local/menção textual não comprovam correspondência semântica.
SINAN,t000_CHAGBR23,OUTRO_DES,,,,,,,https://portalsinan.saude.gov.br/images/documentos/Agravos/Chagas/DIC_DADOS_Chagas_v5.pdf,Não auditada individualmente; rótulo local/menção textual não comprovam correspondência semântica.
SINAN,t000_CHAGBR23,CLASSI_FIN,,,,,,,https://portalsinan.saude.gov.br/images/documentos/Agravos/Chagas/DIC_DADOS_Chagas_v5.pdf | https://portalsinan.saude.gov.br/images/documentos/Agravos/NINDIV/DIC_DADOS_Notificacao_Individual_v5.pdf,Não auditada individualmente; rótulo local/menção textual não comprovam correspondência semântica.
SINAN,t000_CHAGBR23,CRITERIO,,,,,,,https://portalsinan.saude.gov.br/images/documentos/Agravos/Chagas/DIC_DADOS_Chagas_v5.pdf | https://portalsinan.saude.gov.br/images/documentos/Agravos/NINDIV/DIC_DADOS_Notificacao_Individual_v5.pdf,Não auditada individualmente; rótulo local/menção textual não comprovam correspondência semântica.
SINAN,t000_CHAGBR23,EVOLUCAO,,,,,,,https://portalsinan.saude.gov.br/images/documentos/Agravos/Chagas/DIC_DADOS_Chagas_v5.pdf | https://portalsinan.saude.gov.br/images/documentos/Agravos/NINDIV/DIC_DADOS_Notificacao_Individual_v5.pdf,Não auditada individualmente; rótulo local/menção textual não comprovam correspondência semântica.
SINAN,t000_CHAGBR23,DT_OBITO,,,,,,,https://portalsinan.saude.gov.br/images/documentos/Agravos/Chagas/DIC_DADOS_Chagas_v5.pdf | https://portalsinan.saude.gov.br/images/documentos/Agravos/NINDIV/DIC_DADOS_Notificacao_Individual_v5.pdf,Não auditada individualmente; rótulo local/menção textual não comprovam correspondência semântica.
SINAN,t000_CHAGBR23,CON_PROVAV,,,,,,,https://portalsinan.saude.gov.br/images/documentos/Agravos/Chagas/DIC_DADOS_Chagas_v5.pdf,Não auditada individualmente; rótulo local/menção textual não comprovam correspondência semântica.
SINAN,t000_CHAGBR23,CON_OUTRA,,,,,,,https://portalsinan.saude.gov.br/images/documentos/Agravos/Chagas/DIC_DADOS_Chagas_v5.pdf,Não auditada individualmente; rótulo local/menção textual não comprovam correspondência semântica.
SINAN,t000_CHAGBR23,CON_LOCAL,,,,,,,https://portalsinan.saude.gov.br/images/documentos/Agravos/Chagas/DIC_DADOS_Chagas_v5.pdf,Não auditada individualmente; rótulo local/menção textual não comprovam correspondência semântica.
SINAN,t000_CHAGBR23,TPAUTOCTO,,,,,,,https://portalsinan.saude.gov.br/images/documentos/Agravos/Chagas/DIC_DADOS_Chagas_v5.pdf | https://portalsinan.saude.gov.br/images/documentos/Agravos/NINDIV/DIC_DADOS_Notificacao_Individual_v5.pdf,Não auditada individualmente; rótulo local/menção textual não comprovam correspondência semântica.
SINAN,t000_CHAGBR23,COUFINF,,,,,,,https://portalsinan.saude.gov.br/images/documentos/Agravos/Chagas/DIC_DADOS_Chagas_v5.pdf | https://portalsinan.saude.gov.br/images/documentos/Agravos/NINDIV/DIC_DADOS_Notificacao_Individual_v5.pdf,Não auditada individualmente; rótulo local/menção textual não comprovam correspondência semântica.
SINAN,t000_CHAGBR23,COPAISINF,,,,,,,https://portalsinan.saude.gov.br/images/documentos/Agravos/Chagas/DIC_DADOS_Chagas_v5.pdf | https://portalsinan.saude.gov.br/images/documentos/Agravos/NINDIV/DIC_DADOS_Notificacao_Individual_v5.pdf,Não auditada individualmente; rótulo local/menção textual não comprovam correspondência semântica.
SINAN,t000_CHAGBR23,COMUNINF,,,,,,,https://portalsinan.saude.gov.br/images/documentos/Agravos/Chagas/DIC_DADOS_Chagas_v5.pdf | https://portalsinan.saude.gov.br/images/documentos/Agravos/NINDIV/DIC_DADOS_Notificacao_Individual_v5.pdf,Não auditada individualmente; rótulo local/menção textual não comprovam correspondência semântica.
SINAN,t000_CHAGBR23,DOENCA_TRA,,,,,,,https://portalsinan.saude.gov.br/images/documentos/Agravos/Chagas/DIC_DADOS_Chagas_v5.pdf | https://portalsinan.saude.gov.br/images/documentos/Agravos/NINDIV/DIC_DADOS_Notificacao_Individual_v5.pdf,Não auditada individualmente; rótulo local/menção textual não comprovam correspondência semântica.
SINAN,t000_CHAGBR23,DT_ENCERRA,,,,,,,https://portalsinan.saude.gov.br/images/documentos/Agravos/Chagas/DIC_DADOS_Chagas_v5.pdf | https://portalsinan.saude.gov.br/images/documentos/Agravos/NINDIV/DIC_DADOS_Notificacao_Individual_v5.pdf,Não auditada individualmente; rótulo local/menção textual não comprovam correspondência semântica.
SINAN,t000_CHAGBR23,DT_DIGITA,,,,,,,https://portalsinan.saude.gov.br/images/documentos/Agravos/NINDIV/DIC_DADOS_Notificacao_Individual_v5.pdf,Não auditada individualmente; rótulo local/menção textual não comprovam correspondência semântica.
SINAN,t000_CHAGBR23,DT_TRANSUS,,,,,,,https://portalsinan.saude.gov.br/images/documentos/Agravos/NINDIV/DIC_DADOS_Notificacao_Individual_v5.pdf,Não auditada individualmente; rótulo local/menção textual não comprovam correspondência semântica.
SINAN,t000_CHAGBR23,DT_TRANSDM,,,,,,,https://portalsinan.saude.gov.br/images/documentos/Agravos/NINDIV/DIC_DADOS_Notificacao_Individual_v5.pdf,Não auditada individualmente; rótulo local/menção textual não comprovam correspondência semântica.
SINAN,t000_CHAGBR23,DT_TRANSSM,,,,,,,https://portalsinan.saude.gov.br/images/documentos/Agravos/NINDIV/DIC_DADOS_Notificacao_Individual_v5.pdf,Não auditada individualmente; rótulo local/menção textual não comprovam correspondência semântica.
SINAN,t000_CHAGBR23,DT_TRANSRM,,,,,,,https://portalsinan.saude.gov.br/images/documentos/Agravos/NINDIV/DIC_DADOS_Notificacao_Individual_v5.pdf,Não auditada individualmente; rótulo local/menção textual não comprovam correspondência semântica.
SINAN,t000_CHAGBR23,DT_TRANSRS,,,,,,,https://portalsinan.saude.gov.br/images/documentos/Agravos/NINDIV/DIC_DADOS_Notificacao_Individual_v5.pdf,Não auditada individualmente; rótulo local/menção textual não comprovam correspondência semântica.
SINAN,t000_CHAGBR23,DT_TRANSSE,,,,,,,https://portalsinan.saude.gov.br/images/documentos/Agravos/NINDIV/DIC_DADOS_Notificacao_Individual_v5.pdf,Não auditada individualmente; rótulo local/menção textual não comprovam correspondência semântica.
SINAN,t000_CHAGBR23,NU_LOTE_V,,,,,,,https://portalsinan.saude.gov.br/images/documentos/Agravos/NINDIV/DIC_DADOS_Notificacao_Individual_v5.pdf,Não auditada individualmente; rótulo local/menção textual não comprovam correspondência semântica.
SINAN,t000_CHAGBR23,NU_LOTE_H,,,,,,,https://portalsinan.saude.gov.br/images/documentos/Agravos/NINDIV/DIC_DADOS_Notificacao_Individual_v5.pdf,Não auditada individualmente; rótulo local/menção textual não comprovam correspondência semântica.
SINASC,t000_DNRR2023,ORIGEM,src/omnisus_db/data/dicionarios/sinasc_nv.yaml,Origem do registro,,"{""1"": ""Oracle"", ""2"": ""SINASC Web"", ""3"": ""SINASC Local"", ""9"": ""Ignorado""}",,,,Não auditada individualmente; rótulo local/menção textual não comprovam correspondência semântica.
SINASC,t000_DNRR2023,CODESTAB,src/omnisus_db/data/dicionarios/sinasc_nv.yaml,Estabelecimento (CNES),"Código CNES do estabelecimento (7 dígitos). O nome resolve via
``aux_cnes`` quando ``import_cnes_master()`` foi rodado.
",,,"[{""fields"": ""codestab"", ""reference"": {""resource"": ""aux_cnes"", ""fields"": ""cnes""}}]",ftp://ftp.datasus.gov.br/dissemin/publicos/SINASC/NOV/DOCS/Estrutura_SINASC_para_CD.pdf,Não auditada individualmente; rótulo local/menção textual não comprovam correspondência semântica.
SINASC,t000_DNRR2023,CODMUNNASC,src/omnisus_db/data/dicionarios/sinasc_nv.yaml,Município de nascimento,,,,"[{""fields"": ""codmunnasc"", ""reference"": {""resource"": ""aux_municipios"", ""fields"": ""codigo_ibge""}}]",ftp://ftp.datasus.gov.br/dissemin/publicos/SINASC/NOV/DOCS/Estrutura_SINASC_para_CD.pdf,Não auditada individualmente; rótulo local/menção textual não comprovam correspondência semântica.
SINASC,t000_DNRR2023,LOCNASC,src/omnisus_db/data/dicionarios/sinasc_nv.yaml,Local de nascimento,,"{""1"": ""Hospital"", ""2"": ""Outro estabelecimento de saúde"", ""3"": ""Domicílio"", ""4"": ""Outros"", ""5"": ""Aldeia indígena"", ""9"": ""Ignorado""}",,,ftp://ftp.datasus.gov.br/dissemin/publicos/SINASC/NOV/DOCS/Estrutura_SINASC_para_CD.pdf,Não auditada individualmente; rótulo local/menção textual não comprovam correspondência semântica.
SINASC,t000_DNRR2023,IDADEMAE,src/omnisus_db/data/dicionarios/sinasc_nv.yaml,Idade da mãe,,,,,ftp://ftp.datasus.gov.br/dissemin/publicos/SINASC/NOV/DOCS/Estrutura_SINASC_para_CD.pdf,Não auditada individualmente; rótulo local/menção textual não comprovam correspondência semântica.
SINASC,t000_DNRR2023,ESTCIVMAE,src/omnisus_db/data/dicionarios/sinasc_nv.yaml,Estado civil da mãe,,"{""1"": ""Solteira"", ""2"": ""Casada"", ""3"": ""Viúva"", ""4"": ""Separada/Divorciada"", ""5"": ""União estável"", ""9"": ""Ignorado""}",,,ftp://ftp.datasus.gov.br/dissemin/publicos/SINASC/NOV/DOCS/Estrutura_SINASC_para_CD.pdf,Não auditada individualmente; rótulo local/menção textual não comprovam correspondência semântica.
SINASC,t000_DNRR2023,ESCMAE,src/omnisus_db/data/dicionarios/sinasc_nv.yaml,Escolaridade da mãe (faixas),,"{""1"": ""Nenhuma"", ""2"": ""1 a 3 anos"", ""3"": ""4 a 7 anos"", ""4"": ""8 a 11 anos"", ""5"": ""12 anos ou mais"", ""9"": ""Ignorado""}",,,ftp://ftp.datasus.gov.br/dissemin/publicos/SINASC/NOV/DOCS/Estrutura_SINASC_para_CD.pdf,Não auditada individualmente; rótulo local/menção textual não comprovam correspondência semântica.
SINASC,t000_DNRR2023,CODOCUPMAE,src/omnisus_db/data/dicionarios/sinasc_nv.yaml,Ocupação da mãe (CBO),,,,,ftp://ftp.datasus.gov.br/dissemin/publicos/SINASC/NOV/DOCS/Estrutura_SINASC_para_CD.pdf,Não auditada individualmente; rótulo local/menção textual não comprovam correspondência semântica.
SINASC,t000_DNRR2023,QTDFILVIVO,src/omnisus_db/data/dicionarios/sinasc_nv.yaml,Filhos nascidos vivos,,,,,ftp://ftp.datasus.gov.br/dissemin/publicos/SINASC/NOV/DOCS/Estrutura_SINASC_para_CD.pdf,Não auditada individualmente; rótulo local/menção textual não comprovam correspondência semântica.
SINASC,t000_DNRR2023,QTDFILMORT,src/omnisus_db/data/dicionarios/sinasc_nv.yaml,Filhos mortos,,,,,ftp://ftp.datasus.gov.br/dissemin/publicos/SINASC/NOV/DOCS/Estrutura_SINASC_para_CD.pdf,Não auditada individualmente; rótulo local/menção textual não comprovam correspondência semântica.
SINASC,t000_DNRR2023,CODMUNRES,src/omnisus_db/data/dicionarios/sinasc_nv.yaml,Município de residência,,,,"[{""fields"": ""codmunres"", ""reference"": {""resource"": ""aux_municipios"", ""fields"": ""codigo_ibge""}}]",ftp://ftp.datasus.gov.br/dissemin/publicos/SINASC/NOV/DOCS/Estrutura_SINASC_para_CD.pdf,Não auditada individualmente; rótulo local/menção textual não comprovam correspondência semântica.
SINASC,t000_DNRR2023,GESTACAO,src/omnisus_db/data/dicionarios/sinasc_nv.yaml,Gestação (faixas semanas),,"{""1"": ""< 22 semanas"", ""2"": ""22 a 27 semanas"", ""3"": ""28 a 31 semanas"", ""4"": ""32 a 36 semanas"", ""5"": ""37 a 41 semanas"", ""6"": ""42+ semanas"", ""9"": ""Ignorado""}",,,ftp://ftp.datasus.gov.br/dissemin/publicos/SINASC/NOV/DOCS/Estrutura_SINASC_para_CD.pdf,Não auditada individualmente; rótulo local/menção textual não comprovam correspondência semântica.
SINASC,t000_DNRR2023,GRAVIDEZ,src/omnisus_db/data/dicionarios/sinasc_nv.yaml,Tipo de gravidez,,"{""1"": ""Única"", ""2"": ""Dupla"", ""3"": ""Tripla ou mais"", ""9"": ""Ignorada""}",,,ftp://ftp.datasus.gov.br/dissemin/publicos/SINASC/NOV/DOCS/Estrutura_SINASC_para_CD.pdf,Não auditada individualmente; rótulo local/menção textual não comprovam correspondência semântica.
SINASC,t000_DNRR2023,PARTO,src/omnisus_db/data/dicionarios/sinasc_nv.yaml,Tipo de parto,,"{""1"": ""Vaginal"", ""2"": ""Cesáreo"", ""9"": ""Ignorado""}",,,ftp://ftp.datasus.gov.br/dissemin/publicos/SINASC/NOV/DOCS/Estrutura_SINASC_para_CD.pdf,Não auditada individualmente; rótulo local/menção textual não comprovam correspondência semântica.
SINASC,t000_DNRR2023,CONSULTAS,src/omnisus_db/data/dicionarios/sinasc_nv.yaml,Consultas pré-natal (faixas),,"{""1"": ""Nenhuma"", ""2"": ""1 a 3 consultas"", ""3"": ""4 a 6 consultas"", ""4"": ""7 ou mais consultas"", ""9"": ""Ignorado""}",,,ftp://ftp.datasus.gov.br/dissemin/publicos/SINASC/NOV/DOCS/Estrutura_SINASC_para_CD.pdf,Não auditada individualmente; rótulo local/menção textual não comprovam correspondência semântica.
SINASC,t000_DNRR2023,DTNASC,src/omnisus_db/data/dicionarios/sinasc_nv.yaml,Data de nascimento,,,ddMMyyyy,,ftp://ftp.datasus.gov.br/dissemin/publicos/SINASC/NOV/DOCS/Estrutura_SINASC_para_CD.pdf,Não auditada individualmente; rótulo local/menção textual não comprovam correspondência semântica.
SINASC,t000_DNRR2023,HORANASC,src/omnisus_db/data/dicionarios/sinasc_nv.yaml,Hora de nascimento,,,time_hhmm,,ftp://ftp.datasus.gov.br/dissemin/publicos/SINASC/NOV/DOCS/Estrutura_SINASC_para_CD.pdf,Não auditada individualmente; rótulo local/menção textual não comprovam correspondência semântica.
SINASC,t000_DNRR2023,SEXO,src/omnisus_db/data/dicionarios/sinasc_nv.yaml,Sexo,,"{""0"": ""Ignorado"", ""1"": ""Masculino"", ""2"": ""Feminino"", ""9"": ""Ignorado"", ""M"": ""Masculino"", ""F"": ""Feminino"", ""I"": ""Ignorado""}",,,ftp://ftp.datasus.gov.br/dissemin/publicos/SINASC/NOV/DOCS/Estrutura_SINASC_para_CD.pdf,Não auditada individualmente; rótulo local/menção textual não comprovam correspondência semântica.
SINASC,t000_DNRR2023,APGAR1,src/omnisus_db/data/dicionarios/sinasc_nv.yaml,Apgar 1º minuto,,,,,,Não auditada individualmente; rótulo local/menção textual não comprovam correspondência semântica.
SINASC,t000_DNRR2023,APGAR5,src/omnisus_db/data/dicionarios/sinasc_nv.yaml,Apgar 5º minuto,,,,,,Não auditada individualmente; rótulo local/menção textual não comprovam correspondência semântica.
SINASC,t000_DNRR2023,RACACOR,src/omnisus_db/data/dicionarios/sinasc_nv.yaml,Raça/cor do recém-nascido,,"{""1"": ""Branca"", ""2"": ""Preta"", ""3"": ""Amarela"", ""4"": ""Parda"", ""5"": ""Indígena"", ""9"": ""Ignorado""}",,,ftp://ftp.datasus.gov.br/dissemin/publicos/SINASC/NOV/DOCS/Estrutura_SINASC_para_CD.pdf,Não auditada individualmente; rótulo local/menção textual não comprovam correspondência semântica.
SINASC,t000_DNRR2023,PESO,src/omnisus_db/data/dicionarios/sinasc_nv.yaml,Peso ao nascer (g),,,,,ftp://ftp.datasus.gov.br/dissemin/publicos/SINASC/NOV/DOCS/Estrutura_SINASC_para_CD.pdf,Não auditada individualmente; rótulo local/menção textual não comprovam correspondência semântica.
SINASC,t000_DNRR2023,IDANOMAL,src/omnisus_db/data/dicionarios/sinasc_nv.yaml,Anomalia congênita,,"{""1"": ""Sim"", ""2"": ""Não"", ""9"": ""Ignorado""}",,,ftp://ftp.datasus.gov.br/dissemin/publicos/SINASC/NOV/DOCS/Estrutura_SINASC_para_CD.pdf,Não auditada individualmente; rótulo local/menção textual não comprovam correspondência semântica.
SINASC,t000_DNRR2023,DTCADASTRO,src/omnisus_db/data/dicionarios/sinasc_nv.yaml,Data de cadastro,,,ddMMyyyy,,,Não auditada individualmente; rótulo local/menção textual não comprovam correspondência semântica.
SINASC,t000_DNRR2023,CODANOMAL,src/omnisus_db/data/dicionarios/sinasc_nv.yaml,Código da anomalia (CID-10),,,,"[{""fields"": ""codanomal"", ""reference"": {""resource"": ""aux_cid10"", ""fields"": ""codigo""}}]",ftp://ftp.datasus.gov.br/dissemin/publicos/SINASC/NOV/DOCS/Estrutura_SINASC_para_CD.pdf,Não auditada individualmente; rótulo local/menção textual não comprovam correspondência semântica.
SINASC,t000_DNRR2023,NUMEROLOTE,src/omnisus_db/data/dicionarios/sinasc_nv.yaml,Número do lote,,,,,,Não auditada individualmente; rótulo local/menção textual não comprovam correspondência semântica.
SINASC,t000_DNRR2023,VERSAOSIST,src/omnisus_db/data/dicionarios/sinasc_nv.yaml,Versão do sistema,,,,,,Não auditada individualmente; rótulo local/menção textual não comprovam correspondência semântica.
SINASC,t000_DNRR2023,DTRECEBIM,src/omnisus_db/data/dicionarios/sinasc_nv.yaml,Data de recebimento,,,ddMMyyyy,,ftp://ftp.datasus.gov.br/dissemin/publicos/SINASC/NOV/DOCS/Estrutura_SINASC_para_CD.pdf,Não auditada individualmente; rótulo local/menção textual não comprovam correspondência semântica.
SINASC,t000_DNRR2023,DIFDATA,src/omnisus_db/data/dicionarios/sinasc_nv.yaml,Diferença de datas (dias),,,,,,Não auditada individualmente; rótulo local/menção textual não comprovam correspondência semântica.
SINASC,t000_DNRR2023,DTRECORIGA,src/omnisus_db/data/dicionarios/sinasc_nv.yaml,Data recebimento original,,,ddMMyyyy,,,Não auditada individualmente; rótulo local/menção textual não comprovam correspondência semântica.
SINASC,t000_DNRR2023,NATURALMAE,src/omnisus_db/data/dicionarios/sinasc_nv.yaml,Naturalidade da mãe,,,,,,Não auditada individualmente; rótulo local/menção textual não comprovam correspondência semântica.
SINASC,t000_DNRR2023,CODMUNNATU,src/omnisus_db/data/dicionarios/sinasc_nv.yaml,Município de naturalidade da mãe,,,,"[{""fields"": ""codmunnatu"", ""reference"": {""resource"": ""aux_municipios"", ""fields"": ""codigo_ibge""}}]",,Não auditada individualmente; rótulo local/menção textual não comprovam correspondência semântica.
SINASC,t000_DNRR2023,CODUFNATU,src/omnisus_db/data/dicionarios/sinasc_nv.yaml,UF de naturalidade da mãe,,,,,,Não auditada individualmente; rótulo local/menção textual não comprovam correspondência semântica.
SINASC,t000_DNRR2023,ESCMAE2010,src/omnisus_db/data/dicionarios/sinasc_nv.yaml,Escolaridade da mãe (2010),,"{""0"": ""Sem escolaridade"", ""1"": ""Fundamental I (1-5 ano)"", ""2"": ""Fundamental II (6-9 ano)"", ""3"": ""Médio"", ""4"": ""Superior incompleto"", ""5"": ""Superior completo"", ""9"": ""Ignorado""}",,,,Não auditada individualmente; rótulo local/menção textual não comprovam correspondência semântica.
SINASC,t000_DNRR2023,SERIESCMAE,src/omnisus_db/data/dicionarios/sinasc_nv.yaml,Série escolar da mãe,,,,,,Não auditada individualmente; rótulo local/menção textual não comprovam correspondência semântica.
SINASC,t000_DNRR2023,DTNASCMAE,src/omnisus_db/data/dicionarios/sinasc_nv.yaml,Data de nascimento da mãe,,,ddMMyyyy,,,Não auditada individualmente; rótulo local/menção textual não comprovam correspondência semântica.
SINASC,t000_DNRR2023,RACACORMAE,src/omnisus_db/data/dicionarios/sinasc_nv.yaml,Raça/cor da mãe,,"{""1"": ""Branca"", ""2"": ""Preta"", ""3"": ""Amarela"", ""4"": ""Parda"", ""5"": ""Indígena"", ""9"": ""Ignorado""}",,,,Não auditada individualmente; rótulo local/menção textual não comprovam correspondência semântica.
SINASC,t000_DNRR2023,QTDGESTANT,src/omnisus_db/data/dicionarios/sinasc_nv.yaml,Gestações anteriores,,,,,,Não auditada individualmente; rótulo local/menção textual não comprovam correspondência semântica.
SINASC,t000_DNRR2023,QTDPARTNOR,src/omnisus_db/data/dicionarios/sinasc_nv.yaml,Partos vaginais anteriores,,,,,,Não auditada individualmente; rótulo local/menção textual não comprovam correspondência semântica.
SINASC,t000_DNRR2023,QTDPARTCES,src/omnisus_db/data/dicionarios/sinasc_nv.yaml,Partos cesáreos anteriores,,,,,,Não auditada individualmente; rótulo local/menção textual não comprovam correspondência semântica.
SINASC,t000_DNRR2023,IDADEPAI,src/omnisus_db/data/dicionarios/sinasc_nv.yaml,Idade do pai,,,,,,Não auditada individualmente; rótulo local/menção textual não comprovam correspondência semântica.
SINASC,t000_DNRR2023,DTULTMENST,src/omnisus_db/data/dicionarios/sinasc_nv.yaml,Data última menstruação,,,ddMMyyyy,,,Não auditada individualmente; rótulo local/menção textual não comprovam correspondência semântica.
SINASC,t000_DNRR2023,SEMAGESTAC,src/omnisus_db/data/dicionarios/sinasc_nv.yaml,Semanas de gestação,,,,,,Não auditada individualmente; rótulo local/menção textual não comprovam correspondência semântica.
SINASC,t000_DNRR2023,TPMETESTIM,src/omnisus_db/data/dicionarios/sinasc_nv.yaml,Método estimativa IG,,"{""1"": ""Exame físico"", ""2"": ""Outro método"", ""9"": ""Ignorado""}",,,,Não auditada individualmente; rótulo local/menção textual não comprovam correspondência semântica.
SINASC,t000_DNRR2023,CONSPRENAT,src/omnisus_db/data/dicionarios/sinasc_nv.yaml,Consultas pré-natal (exato),,,,,,Não auditada individualmente; rótulo local/menção textual não comprovam correspondência semântica.
SINASC,t000_DNRR2023,MESPRENAT,src/omnisus_db/data/dicionarios/sinasc_nv.yaml,Mês início pré-natal,,,,,,Não auditada individualmente; rótulo local/menção textual não comprovam correspondência semântica.
SINASC,t000_DNRR2023,TPAPRESENT,src/omnisus_db/data/dicionarios/sinasc_nv.yaml,Apresentação fetal,,"{""1"": ""Cefálico"", ""2"": ""Pélvica ou podálica"", ""3"": ""Transversa"", ""9"": ""Ignorado""}",,,,Não auditada individualmente; rótulo local/menção textual não comprovam correspondência semântica.
SINASC,t000_DNRR2023,STTRABPART,src/omnisus_db/data/dicionarios/sinasc_nv.yaml,Trabalho de parto induzido,,"{""1"": ""Sim"", ""2"": ""Não"", ""3"": ""Não se aplica"", ""9"": ""Ignorado""}",,,,Não auditada individualmente; rótulo local/menção textual não comprovam correspondência semântica.
SINASC,t000_DNRR2023,STCESPARTO,src/omnisus_db/data/dicionarios/sinasc_nv.yaml,Cesárea antes do trabalho de parto,,"{""1"": ""Sim"", ""2"": ""Não"", ""3"": ""Não se aplica"", ""9"": ""Ignorado""}",,,,Não auditada individualmente; rótulo local/menção textual não comprovam correspondência semântica.
SINASC,t000_DNRR2023,TPNASCASSI,src/omnisus_db/data/dicionarios/sinasc_nv.yaml,Assistência ao nascimento,,"{""1"": ""Médico"", ""2"": ""Enfermeira/obstetriz"", ""3"": ""Parteira"", ""4"": ""Outros"", ""9"": ""Ignorado""}",,,,Não auditada individualmente; rótulo local/menção textual não comprovam correspondência semântica.
SINASC,t000_DNRR2023,TPFUNCRESP,src/omnisus_db/data/dicionarios/sinasc_nv.yaml,Função do responsável,,"{""1"": ""Médico"", ""2"": ""Enfermeiro"", ""3"": ""Parteira"", ""4"": ""Funcionário do cartório"", ""5"": ""Outros""}",,,,Não auditada individualmente; rótulo local/menção textual não comprovam correspondência semântica.
SINASC,t000_DNRR2023,TPDOCRESP,src/omnisus_db/data/dicionarios/sinasc_nv.yaml,Tipo de documento do responsável,,"{""1"": ""CNES"", ""2"": ""CRM"", ""3"": ""COREN"", ""4"": ""RG"", ""5"": ""CPF""}",,,,Não auditada individualmente; rótulo local/menção textual não comprovam correspondência semântica.
SINASC,t000_DNRR2023,DTDECLARAC,src/omnisus_db/data/dicionarios/sinasc_nv.yaml,Data da declaração,,,ddMMyyyy,,,Não auditada individualmente; rótulo local/menção textual não comprovam correspondência semântica.
SINASC,t000_DNRR2023,ESCMAEAGR1,src/omnisus_db/data/dicionarios/sinasc_nv.yaml,Escolaridade da mãe agregada,,"{""00"": ""Sem escolaridade"", ""01"": ""Fundamental I incompleto"", ""02"": ""Fundamental I completo"", ""03"": ""Fundamental II incompleto"", ""04"": ""Fundamental II completo"", ""05"": ""Médio incompleto"", ""06"": ""Médio completo"", ""07"": ""Superior incompleto"", ""08"": ""Superior completo"", ""09"": ""Ignorado"", ""10"": ""Fundamental completo (inespecífico)"", ""11"": ""Médio (inespecífico)"", ""12"": ""Superior (inespecífico)""}",,,,Não auditada individualmente; rótulo local/menção textual não comprovam correspondência semântica.
SINASC,t000_DNRR2023,STDNEPIDEM,src/omnisus_db/data/dicionarios/sinasc_nv.yaml,Status DN epidemiológica,,"{""0"": ""Não"", ""1"": ""Sim""}",,,,Não auditada individualmente; rótulo local/menção textual não comprovam correspondência semântica.
SINASC,t000_DNRR2023,STDNNOVA,src/omnisus_db/data/dicionarios/sinasc_nv.yaml,Status DN nova,,"{""0"": ""Formulário antigo"", ""1"": ""Formulário novo (pós-2011)""}",,,,Não auditada individualmente; rótulo local/menção textual não comprovam correspondência semântica.
SINASC,t000_DNRR2023,CODPAISRES,src/omnisus_db/data/dicionarios/sinasc_nv.yaml,País de residência,,,,,,Não auditada individualmente; rótulo local/menção textual não comprovam correspondência semântica.
SINASC,t000_DNRR2023,TPROBSON,src/omnisus_db/data/dicionarios/sinasc_nv.yaml,Classificação de Robson,,"{""01"": ""Grupo 1 — Nulípara, única cefálica, ≥ 37 sem, TP espontâneo"", ""02"": ""Grupo 2 — Nulípara, única cefálica, ≥ 37 sem, TP induzido ou cesárea eletiva"", ""03"": ""Grupo 3 — Multípara s/ cesárea anterior, única cefálica, ≥ 37 sem, TP espontâneo"", ""04"": ""Grupo 4 — Multípara s/ cesárea anterior, única cefálica, ≥ 37 sem, TP induzido/eletiva"", ""05"": ""Grupo 5 — Multípara c/ cesárea anterior, única cefálica, ≥ 37 sem"", ""06"": ""Grupo 6 — Nulípara, única pélvica"", ""07"": ""Grupo 7 — Multípara, única pélvica (incl. c/ cesárea anterior)"", ""08"": ""Grupo 8 — Gestação múltipla (incl. c/ cesárea anterior)"", ""09"": ""Grupo 9 — Única transversa/oblíqua (incl. c/ cesárea anterior)"", ""10"": ""Grupo 10 — Única cefálica, < 37 sem (incl. c/ cesárea anterior)""}",,,,Não auditada individualmente; rótulo local/menção textual não comprovam correspondência semântica.
SINASC,t000_DNRR2023,PARIDADE,src/omnisus_db/data/dicionarios/sinasc_nv.yaml,Paridade,,"{""0"": ""Nulípara"", ""1"": ""Multípara""}",,,,Não auditada individualmente; rótulo local/menção textual não comprovam correspondência semântica.
SINASC,t000_DNRR2023,KOTELCHUCK,src/omnisus_db/data/dicionarios/sinasc_nv.yaml,Índice de Kotelchuck,,"{""1"": ""Inadequado"", ""2"": ""Intermediário"", ""3"": ""Adequado"", ""4"": ""Mais que adequado"", ""9"": ""Ignorado""}",,,,Não auditada individualmente; rótulo local/menção textual não comprovam correspondência semântica.
SINASC,t000_DNRR2023,CONTADOR,src/omnisus_db/data/dicionarios/sinasc_nv.yaml,Contador,,,,,,Não auditada individualmente; rótulo local/menção textual não comprovam correspondência semântica.
SISCOLO,t000_CCRR1301,CO_US,,,,,,,,Não auditada individualmente; rótulo local/menção textual não comprovam correspondência semântica.
SISCOLO,t000_CCRR1301,CO_US_UF,,,,,,,,Não auditada individualmente; rótulo local/menção textual não comprovam correspondência semântica.
SISCOLO,t000_CCRR1301,CO_US_IBGE,,,,,,,,Não auditada individualmente; rótulo local/menção textual não comprovam correspondência semântica.
SISCOLO,t000_CCRR1301,REGUS,,,,,,,,Não auditada individualmente; rótulo local/menção textual não comprovam correspondência semântica.
SISCOLO,t000_CCRR1301,CO_PAC_IBG,,,,,,,,Não auditada individualmente; rótulo local/menção textual não comprovam correspondência semântica.
SISCOLO,t000_CCRR1301,CO_PAC_UF,,,,,,,,Não auditada individualmente; rótulo local/menção textual não comprovam correspondência semântica.
SISCOLO,t000_CCRR1301,CO_PAC_ESC,,,,,,,,Não auditada individualmente; rótulo local/menção textual não comprovam correspondência semântica.
SISCOLO,t000_CCRR1301,CO_RES_NOR,,,,,,,,Não auditada individualmente; rótulo local/menção textual não comprovam correspondência semântica.
SISCOLO,t000_CCRR1301,CO_PAC_IDA,,,,,,,,Não auditada individualmente; rótulo local/menção textual não comprovam correspondência semântica.
SISCOLO,t000_CCRR1301,REGRESID,,,,,,,,Não auditada individualmente; rótulo local/menção textual não comprovam correspondência semântica.
SISCOLO,t000_CCRR1301,CO_CNES,,,,,,,,Não auditada individualmente; rótulo local/menção textual não comprovam correspondência semântica.
SISCOLO,t000_CCRR1301,CLABIBGE,,,,,,,,Não auditada individualmente; rótulo local/menção textual não comprovam correspondência semântica.
SISCOLO,t000_CCRR1301,CLABUF,,,,,,,,Não auditada individualmente; rótulo local/menção textual não comprovam correspondência semântica.
SISCOLO,t000_CCRR1301,REGLAB,,,,,,,,Não auditada individualmente; rótulo local/menção textual não comprovam correspondência semântica.
SISCOLO,t000_CCRR1301,DT_ID_COMP,,,,,,,,Não auditada individualmente; rótulo local/menção textual não comprovam correspondência semântica.
SISCOLO,t000_CCRR1301,ANO_COMP,,,,,,,,Não auditada individualmente; rótulo local/menção textual não comprovam correspondência semântica.
SISCOLO,t000_CCRR1301,CO_FX_ETAR,,,,,,,,Não auditada individualmente; rótulo local/menção textual não comprovam correspondência semântica.
SISCOLO,t000_CCRR1301,CO_PAC_RAC,,,,,,,,Não auditada individualmente; rótulo local/menção textual não comprovam correspondência semântica.
SISCOLO,t000_CCRR1301,CO_ATI_ESC,,,,,,,,Não auditada individualmente; rótulo local/menção textual não comprovam correspondência semântica.
SISCOLO,t000_CCRR1301,CO_ATI_GLA,,,,,,,,Não auditada individualmente; rótulo local/menção textual não comprovam correspondência semântica.
SISCOLO,t000_CCRR1301,CO_ATI_IND,,,,,,,,Não auditada individualmente; rótulo local/menção textual não comprovam correspondência semântica.
SISCOLO,t000_CCRR1301,CO_CEL_ESC,,,,,,,,Não auditada individualmente; rótulo local/menção textual não comprovam correspondência semântica.
SISCOLO,t000_CCRR1301,CO_CEL_GLA,,,,,,,,Não auditada individualmente; rótulo local/menção textual não comprovam correspondência semântica.
SISCOLO,t000_CCRR1301,CO_NEO_MAL,,,,,,,,Não auditada individualmente; rótulo local/menção textual não comprovam correspondência semântica.
SISCOLO,t000_CCRR1301,CO_AMOSTRA,,,,,,,,Não auditada individualmente; rótulo local/menção textual não comprovam correspondência semântica.
SISCOLO,t000_CCRR1301,CO_ADEQ_MA,,,,,,,,Não auditada individualmente; rótulo local/menção textual não comprovam correspondência semântica.
SISCOLO,t000_CCRR1301,CO_BEN_INF,,,,,,,,Não auditada individualmente; rótulo local/menção textual não comprovam correspondência semântica.
SISCOLO,t000_CCRR1301,CO_BEN_MET,,,,,,,,Não auditada individualmente; rótulo local/menção textual não comprovam correspondência semântica.
SISCOLO,t000_CCRR1301,CO_BEN_REP,,,,,,,,Não auditada individualmente; rótulo local/menção textual não comprovam correspondência semântica.
SISCOLO,t000_CCRR1301,CO_BEN_ATR,,,,,,,,Não auditada individualmente; rótulo local/menção textual não comprovam correspondência semântica.
SISCOLO,t000_CCRR1301,CO_BEN_RAD,,,,,,,,Não auditada individualmente; rótulo local/menção textual não comprovam correspondência semântica.
SISCOLO,t000_CCRR1301,CO_BEN_OUT,,,,,,,,Não auditada individualmente; rótulo local/menção textual não comprovam correspondência semântica.
SISCOLO,t000_CCRR1301,CO_MIC_LAC,,,,,,,,Não auditada individualmente; rótulo local/menção textual não comprovam correspondência semântica.
SISCOLO,t000_CCRR1301,CO_MIC_COC,,,,,,,,Não auditada individualmente; rótulo local/menção textual não comprovam correspondência semântica.
SISCOLO,t000_CCRR1301,CO_MIC_CHL,,,,,,,,Não auditada individualmente; rótulo local/menção textual não comprovam correspondência semântica.
SISCOLO,t000_CCRR1301,CO_MIC_ACT,,,,,,,,Não auditada individualmente; rótulo local/menção textual não comprovam correspondência semântica.
SISCOLO,t000_CCRR1301,CO_MIC_BAC,,,,,,,,Não auditada individualmente; rótulo local/menção textual não comprovam correspondência semântica.
SISCOLO,t000_CCRR1301,CO_MIC_TRI,,,,,,,,Não auditada individualmente; rótulo local/menção textual não comprovam correspondência semântica.
SISCOLO,t000_CCRR1301,CO_MIC_HER,,,,,,,,Não auditada individualmente; rótulo local/menção textual não comprovam correspondência semântica.
SISCOLO,t000_CCRR1301,CO_MIC_CAN,,,,,,,,Não auditada individualmente; rótulo local/menção textual não comprovam correspondência semântica.
SISCOLO,t000_CCRR1301,CO_MIC_GAR,,,,,,,,Não auditada individualmente; rótulo local/menção textual não comprovam correspondência semântica.
SISCOLO,t000_CCRR1301,CO_MIC_OUT,,,,,,,,Não auditada individualmente; rótulo local/menção textual não comprovam correspondência semântica.
SISCOLO,t000_CCRR1301,CO_ANM_PRE,,,,,,,,Não auditada individualmente; rótulo local/menção textual não comprovam correspondência semântica.
SISCOLO,t000_CCRR1301,DT_ANM_PRE,,,,,,,,Não auditada individualmente; rótulo local/menção textual não comprovam correspondência semântica.
SISCOLO,t000_CCRR1301,ST_MON_EXT,,,,,,,,Não auditada individualmente; rótulo local/menção textual não comprovam correspondência semântica.
SISCOLO,t000_CCRR1301,TEMPCITANT,,,,,,,,Não auditada individualmente; rótulo local/menção textual não comprovam correspondência semântica.
SISCOLO,t000_CCRR1301,DINTCOLETA,,,,,,,,Não auditada individualmente; rótulo local/menção textual não comprovam correspondência semântica.
SISCOLO,t000_CCRR1301,DINTRESULT,,,,,,,,Não auditada individualmente; rótulo local/menção textual não comprovam correspondência semântica.
SISCOLO,t000_CCRR1301,DINTTEMPEX,,,,,,,,Não auditada individualmente; rótulo local/menção textual não comprovam correspondência semântica.
SISCOLO,t000_CCRR1301,QTDEXA,,,,,,,,Não auditada individualmente; rótulo local/menção textual não comprovam correspondência semântica.
SISCOLO,t000_CCRR1301,QUANTEXAME,,,,,,,,Não auditada individualmente; rótulo local/menção textual não comprovam correspondência semântica.
SISCOLO,t000_CCRR1301,REPREZT,,,,,,,,Não auditada individualmente; rótulo local/menção textual não comprovam correspondência semântica.
SISCOLO,t000_CCRR1301,RESNORM,,,,,,,,Não auditada individualmente; rótulo local/menção textual não comprovam correspondência semântica.
SISCOLO,t000_CCRR1301,POSNAONEO,,,,,,,,Não auditada individualmente; rótulo local/menção textual não comprovam correspondência semântica.
SISCOLO,t000_CCRR1301,LESALTGRA,,,,,,,,Não auditada individualmente; rótulo local/menção textual não comprovam correspondência semântica.
SISCOLO,t000_CCRR1301,PSNAONPLA,,,,,,,,Não auditada individualmente; rótulo local/menção textual não comprovam correspondência semântica.
SISCOLO,t000_CCRR1301,NLSALTGRA,,,,,,,,Não auditada individualmente; rótulo local/menção textual não comprovam correspondência semântica.
SISCOLO,t000_CCRR1301,PSNNPLA,,,,,,,,Não auditada individualmente; rótulo local/menção textual não comprovam correspondência semântica.
SISCOLO,t000_CCRR1301,NALTGRA,,,,,,,,Não auditada individualmente; rótulo local/menção textual não comprovam correspondência semântica.
SISCOLO,t000_CCRR1301,LBGRAU,,,,,,,,Não auditada individualmente; rótulo local/menção textual não comprovam correspondência semântica.
SISCOLO,t000_CCRR1301,LAGRAU,,,,,,,,Não auditada individualmente; rótulo local/menção textual não comprovam correspondência semântica.
SISCOLO,t000_CCRR1301,LAGRAUMI,,,,,,,,Não auditada individualmente; rótulo local/menção textual não comprovam correspondência semântica.
SISCOLO,t000_CCRR1301,CARCINO,,,,,,,,Não auditada individualmente; rótulo local/menção textual não comprovam correspondência semântica.
SISCOLO,t000_CCRR1301,C_EPI_ESCA,,,,,,,,Não auditada individualmente; rótulo local/menção textual não comprovam correspondência semântica.
SISCOLO,t000_CCRR1301,C_EPI_GLAN,,,,,,,,Não auditada individualmente; rótulo local/menção textual não comprovam correspondência semântica.
SISCOLO,t000_CCRR1301,CO_EPI_MET,,,,,,,,Não auditada individualmente; rótulo local/menção textual não comprovam correspondência semântica.
SISCOLO,t000_CCRR1301,ADENCARCIN,,,,,,,,Não auditada individualmente; rótulo local/menção textual não comprovam correspondência semântica.
SISCOLO,t000_CCRR1301,DENCARCINV,,,,,,,,Não auditada individualmente; rótulo local/menção textual não comprovam correspondência semântica.
SISCOLO,t000_CCRR1301,OUTNEO,,,,,,,,Não auditada individualmente; rótulo local/menção textual não comprovam correspondência semântica.
SISCOLO,t000_CCRR1301,ALTERADO,,,,,,,,Não auditada individualmente; rótulo local/menção textual não comprovam correspondência semântica.
SISCOLO,t000_CCRR1301,CVCIONAL,,,,,,,,Não auditada individualmente; rótulo local/menção textual não comprovam correspondência semântica.
SISCOLO,t000_CCRR1301,MEIOLIQU,,,,,,,,Não auditada individualmente; rótulo local/menção textual não comprovam correspondência semântica.
SISCOLO,t000_CCRR1301,AMOSREJAUS,,,,,,,,Não auditada individualmente; rótulo local/menção textual não comprovam correspondência semântica.
SISCOLO,t000_CCRR1301,AMOSREJDAN,,,,,,,,Não auditada individualmente; rótulo local/menção textual não comprovam correspondência semântica.
SISCOLO,t000_CCRR1301,AMOSREJALH,,,,,,,,Não auditada individualmente; rótulo local/menção textual não comprovam correspondência semântica.
SISCOLO,t000_CCRR1301,AMOSREJOUT,,,,,,,,Não auditada individualmente; rótulo local/menção textual não comprovam correspondência semântica.
SISCOLO,t000_CCRR1301,REJEITADA,,,,,,,,Não auditada individualmente; rótulo local/menção textual não comprovam correspondência semântica.
SISCOLO,t000_CCRR1301,SATISFACT,,,,,,,,Não auditada individualmente; rótulo local/menção textual não comprovam correspondência semântica.
SISCOLO,t000_CCRR1301,INSATSFAC,,,,,,,,Não auditada individualmente; rótulo local/menção textual não comprovam correspondência semântica.
SISCOLO,t000_CCRR1301,CO_INSA_AC,,,,,,,,Não auditada individualmente; rótulo local/menção textual não comprovam correspondência semântica.
SISCOLO,t000_CCRR1301,CO_INSA_SA,,,,,,,,Não auditada individualmente; rótulo local/menção textual não comprovam correspondência semântica.
SISCOLO,t000_CCRR1301,CO_INSA_PI,,,,,,,,Não auditada individualmente; rótulo local/menção textual não comprovam correspondência semântica.
SISCOLO,t000_CCRR1301,CO_INSA_AR,,,,,,,,Não auditada individualmente; rótulo local/menção textual não comprovam correspondência semântica.
SISCOLO,t000_CCRR1301,CO_INSA_CO,,,,,,,,Não auditada individualmente; rótulo local/menção textual não comprovam correspondência semântica.
SISCOLO,t000_CCRR1301,CO_INSA_SU,,,,,,,,Não auditada individualmente; rótulo local/menção textual não comprovam correspondência semântica.
SISCOLO,t000_CCRR1301,CO_INSA_OU,,,,,,,,Não auditada individualmente; rótulo local/menção textual não comprovam correspondência semântica.
SISCOLO,t000_CCRR1301,CBEMINFLA,,,,,,,,Não auditada individualmente; rótulo local/menção textual não comprovam correspondência semântica.
SISCOLO,t000_CCRR1301,CBEMMETAS,,,,,,,,Não auditada individualmente; rótulo local/menção textual não comprovam correspondência semântica.
SISCOLO,t000_CCRR1301,CBEMREPAR,,,,,,,,Não auditada individualmente; rótulo local/menção textual não comprovam correspondência semântica.
SISCOLO,t000_CCRR1301,CBEMATROF,,,,,,,,Não auditada individualmente; rótulo local/menção textual não comprovam correspondência semântica.
SISCOLO,t000_CCRR1301,CBEMRADI,,,,,,,,Não auditada individualmente; rótulo local/menção textual não comprovam correspondência semântica.
SISCOLO,t000_CCRR1301,CBEMOUT,,,,,,,,Não auditada individualmente; rótulo local/menção textual não comprovam correspondência semântica.
SISCOLO,t000_CCRR1301,CMICLACT,,,,,,,,Não auditada individualmente; rótulo local/menção textual não comprovam correspondência semântica.
SISCOLO,t000_CCRR1301,CMICCOCO,,,,,,,,Não auditada individualmente; rótulo local/menção textual não comprovam correspondência semântica.
SISCOLO,t000_CCRR1301,CMICCHLA,,,,,,,,Não auditada individualmente; rótulo local/menção textual não comprovam correspondência semântica.
SISCOLO,t000_CCRR1301,CMICACTI,,,,,,,,Não auditada individualmente; rótulo local/menção textual não comprovam correspondência semântica.
SISCOLO,t000_CCRR1301,CMICBACI,,,,,,,,Não auditada individualmente; rótulo local/menção textual não comprovam correspondência semântica.
SISCOLO,t000_CCRR1301,CMICTRICO,,,,,,,,Não auditada individualmente; rótulo local/menção textual não comprovam correspondência semântica.
SISCOLO,t000_CCRR1301,CMICHERP,,,,,,,,Não auditada individualmente; rótulo local/menção textual não comprovam correspondência semântica.
SISCOLO,t000_CCRR1301,CMICCAND,,,,,,,,Não auditada individualmente; rótulo local/menção textual não comprovam correspondência semântica.
SISCOLO,t000_CCRR1301,CMICGARD,,,,,,,,Não auditada individualmente; rótulo local/menção textual não comprovam correspondência semântica.
SISCOLO,t000_CCRR1301,CMICOUT,,,,,,,,Não auditada individualmente; rótulo local/menção textual não comprovam correspondência semântica.
SISMAMA,t000_CMSP1409,CO_PAC_UF,,,,,,,,Não auditada individualmente; rótulo local/menção textual não comprovam correspondência semântica.
SISMAMA,t000_CMSP1409,CO_US_UF,,,,,,,,Não auditada individualmente; rótulo local/menção textual não comprovam correspondência semântica.
SISMAMA,t000_CMSP1409,CO_PAC_IBG,,,,,,,,Não auditada individualmente; rótulo local/menção textual não comprovam correspondência semântica.
SISMAMA,t000_CMSP1409,CO_US_IBGE,,,,,,,,Não auditada individualmente; rótulo local/menção textual não comprovam correspondência semântica.
SISMAMA,t000_CMSP1409,CO_US,,,,,,,,Não auditada individualmente; rótulo local/menção textual não comprovam correspondência semântica.
SISMAMA,t000_CMSP1409,CO_CNES,,,,,,,,Não auditada individualmente; rótulo local/menção textual não comprovam correspondência semântica.
SISMAMA,t000_CMSP1409,PRESTUF,,,,,,,,Não auditada individualmente; rótulo local/menção textual não comprovam correspondência semântica.
SISMAMA,t000_CMSP1409,REGUS,,,,,,,,Não auditada individualmente; rótulo local/menção textual não comprovam correspondência semântica.
SISMAMA,t000_CMSP1409,REGRESID,,,,,,,,Não auditada individualmente; rótulo local/menção textual não comprovam correspondência semântica.
SISMAMA,t000_CMSP1409,REGLAB,,,,,,,,Não auditada individualmente; rótulo local/menção textual não comprovam correspondência semântica.
SISMAMA,t000_CMSP1409,ANO_COMP,,,,,,,,Não auditada individualmente; rótulo local/menção textual não comprovam correspondência semântica.
SISMAMA,t000_CMSP1409,PRESTMUN,,,,,,,,Não auditada individualmente; rótulo local/menção textual não comprovam correspondência semântica.
SISMAMA,t000_CMSP1409,DT_ID_COMP,,,,,,,,Não auditada individualmente; rótulo local/menção textual não comprovam correspondência semântica.
SISMAMA,t000_CMSP1409,CO_FX_ETAR,,,,,,,,Não auditada individualmente; rótulo local/menção textual não comprovam correspondência semântica.
SISMAMA,t000_CMSP1409,CO_PAC_ESC,,,,,,,,Não auditada individualmente; rótulo local/menção textual não comprovam correspondência semântica.
SISMAMA,t000_CMSP1409,CO_PAC_SEX,,,,,,,,Não auditada individualmente; rótulo local/menção textual não comprovam correspondência semântica.
SISMAMA,t000_CMSP1409,CO_PAC_RAC,,,,,,,,Não auditada individualmente; rótulo local/menção textual não comprovam correspondência semântica.
SISMAMA,t000_CMSP1409,CANMPACANC,,,,,,,,Não auditada individualmente; rótulo local/menção textual não comprovam correspondência semântica.
SISMAMA,t000_CMSP1409,CO_CLI_DES,,,,,,,,Não auditada individualmente; rótulo local/menção textual não comprovam correspondência semântica.
SISMAMA,t000_CMSP1409,CO_CLI_NOD,,,,,,,,Não auditada individualmente; rótulo local/menção textual não comprovam correspondência semântica.
SISMAMA,t000_CMSP1409,CCLIMATMAM,,,,,,,,Não auditada individualmente; rótulo local/menção textual não comprovam correspondência semântica.
SISMAMA,t000_CMSP1409,CCLIMATDPC,,,,,,,,Não auditada individualmente; rótulo local/menção textual não comprovam correspondência semântica.
SISMAMA,t000_CMSP1409,DINTCOLETA,,,,,,,,Não auditada individualmente; rótulo local/menção textual não comprovam correspondência semântica.
SISMAMA,t000_CMSP1409,DINTRESULT,,,,,,,,Não auditada individualmente; rótulo local/menção textual não comprovam correspondência semântica.
SISMAMA,t000_CMSP1409,DINTTEMPEX,,,,,,,,Não auditada individualmente; rótulo local/menção textual não comprovam correspondência semântica.
SISMAMA,t000_CMSP1409,CO_RES_ADE,,,,,,,,Não auditada individualmente; rótulo local/menção textual não comprovam correspondência semântica.
SISMAMA,t000_CMSP1409,PRESULPAAF,,,,,,,,Não auditada individualmente; rótulo local/menção textual não comprovam correspondência semântica.
SISMAMA,t000_CMSP1409,CRESBENIG,,,,,,,,Não auditada individualmente; rótulo local/menção textual não comprovam correspondência semântica.
SISMAMA,t000_CMSP1409,CRESMALIIN,,,,,,,,Não auditada individualmente; rótulo local/menção textual não comprovam correspondência semântica.
SISMAMA,t000_CMSP1409,CRESSUSMAL,,,,,,,,Não auditada individualmente; rótulo local/menção textual não comprovam correspondência semântica.
SISMAMA,t000_CMSP1409,CRESPOSMAL,,,,,,,,Não auditada individualmente; rótulo local/menção textual não comprovam correspondência semântica.
SISMAMA,t000_CMSP1409,CRESDERPAP,,,,,,,,Não auditada individualmente; rótulo local/menção textual não comprovam correspondência semântica.
SISMAMA,t000_CMSP1409,QUANTEXAME,,,,,,,,Não auditada individualmente; rótulo local/menção textual não comprovam correspondência semântica.
SISMAMA,t000_CMSP1409,PBENMASTIT,,,,,,,,Não auditada individualmente; rótulo local/menção textual não comprovam correspondência semântica.
SISMAMA,t000_CMSP1409,PBENABSUBA,,,,,,,,Não auditada individualmente; rótulo local/menção textual não comprovam correspondência semântica.
SISMAMA,t000_CMSP1409,PBENFIBROA,,,,,,,,Não auditada individualmente; rótulo local/menção textual não comprovam correspondência semântica.
SISMAMA,t000_CMSP1409,PBENNECGOR,,,,,,,,Não auditada individualmente; rótulo local/menção textual não comprovam correspondência semântica.
SISMAMA,t000_CMSP1409,PBENCONDFI,,,,,,,,Não auditada individualmente; rótulo local/menção textual não comprovam correspondência semântica.
SISMAMA,t000_CMSP1409,PBENLESEPI,,,,,,,,Não auditada individualmente; rótulo local/menção textual não comprovam correspondência semântica.
SISMAMA,t000_CMSP1409,PBENOUTRAS,,,,,,,,Não auditada individualmente; rótulo local/menção textual não comprovam correspondência semântica.
SISMAMA,t000_CMSP1409,PMALINTUMP,,,,,,,,Não auditada individualmente; rótulo local/menção textual não comprovam correspondência semântica.
SISMAMA,t000_CMSP1409,PMALINTUMF,,,,,,,,Não auditada individualmente; rótulo local/menção textual não comprovam correspondência semântica.
SISMAMA,t000_CMSP1409,PMALINOUTR,,,,,,,,Não auditada individualmente; rótulo local/menção textual não comprovam correspondência semântica.
SISMAMA,t000_CMSP1409,PSUSLEJPCA,,,,,,,,Não auditada individualmente; rótulo local/menção textual não comprovam correspondência semântica.
SISMAMA,t000_CMSP1409,PSUSOUTROS,,,,,,,,Não auditada individualmente; rótulo local/menção textual não comprovam correspondência semântica.
SISMAMA,t000_CMSP1409,PPOSMACDUC,,,,,,,,Não auditada individualmente; rótulo local/menção textual não comprovam correspondência semântica.
SISMAMA,t000_CMSP1409,PPOSMACLOB,,,,,,,,Não auditada individualmente; rótulo local/menção textual não comprovam correspondência semântica.
SISMAMA,t000_CMSP1409,PPOSMACOUT,,,,,,,,Não auditada individualmente; rótulo local/menção textual não comprovam correspondência semântica.
SISMAMA,t000_CMSP1409,DEMATACELU,,,,,,,,Não auditada individualmente; rótulo local/menção textual não comprovam correspondência semântica.
SISMAMA,t000_CMSP1409,DENEGMALIG,,,,,,,,Não auditada individualmente; rótulo local/menção textual não comprovam correspondência semântica.
SISMAMA,t000_CMSP1409,DEMALIINDT,,,,,,,,Não auditada individualmente; rótulo local/menção textual não comprovam correspondência semântica.
SISMAMA,t000_CMSP1409,DEPOSMALIG,,,,,,,,Não auditada individualmente; rótulo local/menção textual não comprovam correspondência semântica.
SISMAMA,t000_CMSP1409,DELESMALIG,,,,,,,,Não auditada individualmente; rótulo local/menção textual não comprovam correspondência semântica.
SISMAMA,t000_CMSP1409,DEPROCINFL,,,,,,,,Não auditada individualmente; rótulo local/menção textual não comprovam correspondência semântica.
SISPRENATAL,t000_PNRR1301,NU_ANO_GES,,,,,,,,Não auditada individualmente; rótulo local/menção textual não comprovam correspondência semântica.
SISPRENATAL,t000_PNRR1301,DT_ATEND,,,,,,,,Não auditada individualmente; rótulo local/menção textual não comprovam correspondência semântica.
SISPRENATAL,t000_PNRR1301,CO_UF_IBGE,,,,,,,,Não auditada individualmente; rótulo local/menção textual não comprovam correspondência semântica.
SISPRENATAL,t000_PNRR1301,NU_GESTA,,,,,,,,Não auditada individualmente; rótulo local/menção textual não comprovam correspondência semântica.
SISPRENATAL,t000_PNRR1301,CO_GESTANT,,,,,,,,Não auditada individualmente; rótulo local/menção textual não comprovam correspondência semântica.
SISPRENATAL,t000_PNRR1301,CO_PAIS,,,,,,,,Não auditada individualmente; rótulo local/menção textual não comprovam correspondência semântica.
SISPRENATAL,t000_PNRR1301,NU_CNS,,,,,,,,Não auditada individualmente; rótulo local/menção textual não comprovam correspondência semântica.
SISPRENATAL,t000_PNRR1301,NU_IDADE,,,,,,,,Não auditada individualmente; rótulo local/menção textual não comprovam correspondência semântica.
SISPRENATAL,t000_PNRR1301,NU_NIS,,,,,,,,Não auditada individualmente; rótulo local/menção textual não comprovam correspondência semântica.
SISPRENATAL,t000_PNRR1301,NU_NIS_REP,,,,,,,,Não auditada individualmente; rótulo local/menção textual não comprovam correspondência semântica.
SISPRENATAL,t000_PNRR1301,DS_ZONA,,,,,,,,Não auditada individualmente; rótulo local/menção textual não comprovam correspondência semântica.
SISPRENATAL,t000_PNRR1301,QT_AB_ECT,,,,,,,,Não auditada individualmente; rótulo local/menção textual não comprovam correspondência semântica.
SISPRENATAL,t000_PNRR1301,QT_AB_GER,,,,,,,,Não auditada individualmente; rótulo local/menção textual não comprovam correspondência semântica.
SISPRENATAL,t000_PNRR1301,QT_AB_MOL,,,,,,,,Não auditada individualmente; rótulo local/menção textual não comprovam correspondência semântica.
SISPRENATAL,t000_PNRR1301,QT_MOR_APS,,,,,,,,Não auditada individualmente; rótulo local/menção textual não comprovam correspondência semântica.
SISPRENATAL,t000_PNRR1301,QT_MOR_PS,,,,,,,,Não auditada individualmente; rótulo local/menção textual não comprovam correspondência semântica.
SISPRENATAL,t000_PNRR1301,QT_NSC_MOR,,,,,,,,Não auditada individualmente; rótulo local/menção textual não comprovam correspondência semântica.
SISPRENATAL,t000_PNRR1301,QT_NSC_VIV,,,,,,,,Não auditada individualmente; rótulo local/menção textual não comprovam correspondência semântica.
SISPRENATAL,t000_PNRR1301,QT_PRT_CIR,,,,,,,,Não auditada individualmente; rótulo local/menção textual não comprovam correspondência semântica.
SISPRENATAL,t000_PNRR1301,QT_PRT_FOR,,,,,,,,Não auditada individualmente; rótulo local/menção textual não comprovam correspondência semântica.
SISPRENATAL,t000_PNRR1301,QT_PRT_VAG,,,,,,,,Não auditada individualmente; rótulo local/menção textual não comprovam correspondência semântica.
SISPRENATAL,t000_PNRR1301,ST_AUX_DSL,,,,,,,,Não auditada individualmente; rótulo local/menção textual não comprovam correspondência semântica.
SISPRENATAL,t000_PNRR1301,ST_GRA_ANT,,,,,,,,Não auditada individualmente; rótulo local/menção textual não comprovam correspondência semântica.
SISPRENATAL,t000_PNRR1301,ST_GRA_PLA,,,,,,,,Não auditada individualmente; rótulo local/menção textual não comprovam correspondência semântica.
SISPRENATAL,t000_PNRR1301,DT_DUM,,,,,,,,Não auditada individualmente; rótulo local/menção textual não comprovam correspondência semântica.
SISPRENATAL,t000_PNRR1301,DT_DPP,,,,,,,,Não auditada individualmente; rótulo local/menção textual não comprovam correspondência semântica.
SISPRENATAL,t000_PNRR1301,CO_TPO_GRA,,,,,,,,Não auditada individualmente; rótulo local/menção textual não comprovam correspondência semântica.
SISPRENATAL,t000_PNRR1301,CO_ESC_GP,,,,,,,,Não auditada individualmente; rótulo local/menção textual não comprovam correspondência semântica.
SISPRENATAL,t000_PNRR1301,CO_RAC_GP,,,,,,,,Não auditada individualmente; rótulo local/menção textual não comprovam correspondência semântica.
SISPRENATAL,t000_PNRR1301,CO_ETN_GP,,,,,,,,Não auditada individualmente; rótulo local/menção textual não comprovam correspondência semântica.
SISPRENATAL,t000_PNRR1301,CO_STF_GP,,,,,,,,Não auditada individualmente; rótulo local/menção textual não comprovam correspondência semântica.
SISPRENATAL,t000_PNRR1301,CO_MUN_UBS,,,,,,,,Não auditada individualmente; rótulo local/menção textual não comprovam correspondência semântica.
SISPRENATAL,t000_PNRR1301,QT_CONS,,,,,,,,Não auditada individualmente; rótulo local/menção textual não comprovam correspondência semântica.
SISPRENATAL,t000_PNRR1301,QT_CONSULT,,,,,,,,Não auditada individualmente; rótulo local/menção textual não comprovam correspondência semântica.
SISPRENATAL,t000_PNRR1301,ST_GESTAC,,,,,,,,Não auditada individualmente; rótulo local/menção textual não comprovam correspondência semântica.
SISPRENATAL,t000_PNRR1301,DT_INC,,,,,,,,Não auditada individualmente; rótulo local/menção textual não comprovam correspondência semântica.
